dialogue,anger,disgust,fear,joy,neutral,sadness,surprise,age,gender,pitch,tempo,loudness
"Sometimes, the strongest people are the ones who love beyond all faults, cry behind closed doors, and fight battles nobody knows about.",0.032678548,0.053737424,0.002953566,0.04539641,0.812281907,0.049538456,0.003413745,,,,,
"The best revenge is living well, and eating a really delicious meal without them.",0.387647271,0.123160824,0.001303326,0.022533404,0.453748792,0.008102063,0.003504343,,,,,
Adventure awaits at the intersection of 'yes' and 'why not.',0.011528199,0.00388776,0.103710741,0.014233255,0.832842112,0.008792683,0.025005266,,,,,
Life is like a cup of tea â€“ it's all in how you make it.,0.005154872,0.003679705,0.001268615,0.006459541,0.968399525,0.002235376,0.012802307,,,,,
I'm not arguing; I'm just explaining why I'm right.,0.111954175,0.05582438,0.005914491,0.010266494,0.802210391,0.008796625,0.005033442,,,,,
Happiness is not a destination; it's a way of life.,0.009941946,0.041073419,0.001600702,0.047085762,0.171147853,0.724356711,0.004793548,,,,,
"If someone tells you that you can't do something, prove them wrong.",0.865247846,0.036809906,0.021672837,0.001483585,0.065154403,0.007842366,0.00178916,,,,,
Being both soft and strong is a combination very few have mastered.,0.003671068,0.02863406,0.004541289,0.003529661,0.936928153,0.007454242,0.015241507,,,,,
The best ideas often come from the quietest voices.,0.002872473,0.006136106,0.002034408,0.149179548,0.818300009,0.00690903,0.014568415,,,,,
Don't be a woman who needs a man; be a woman a man needs.,0.091924943,0.140343219,0.019993959,0.012980748,0.684794366,0.039446346,0.01051638,,,,,
"Life isn't perfect, but your hair can be.",0.005717476,0.014026185,0.006906802,0.053289164,0.846712947,0.063902296,0.00944508,,,,,
"If you stumble, make it part of the dance.",0.007753469,0.013874171,0.507161379,0.006959738,0.423204273,0.035565462,0.005481489,,,,,
A smile is the best makeup any girl can wear.,0.00574874,0.016679414,0.000508097,0.756880641,0.204241201,0.005088073,0.010853768,,,,,
You are not required to set yourself on fire to keep others warm.,0.441455692,0.040266551,0.020009259,0.003632812,0.475233942,0.014757441,0.004644279,,,,,
"Coffee in one hand, confidence in the other.",0.02101863,0.072161391,0.010248582,0.533324182,0.352430314,0.005465613,0.005351298,,,,,
There is a shade of red for every woman.,0.003174332,0.008228673,0.000976129,0.003191704,0.965716302,0.007178918,0.011533853,,,,,
Your vibe attracts your tribe.,0.016072782,0.083562747,0.002525613,0.20495598,0.669713914,0.010853464,0.012315501,,,,,
Never underestimate the power of a good outfit on a bad day.,0.091202654,0.042994373,0.059755694,0.052347612,0.555343807,0.055813044,0.142542899,,,,,
"She believed she could, so she did.",0.427433997,0.05864127,0.0073929,0.030102987,0.447464824,0.009723804,0.019240193,,,,,
Behind every successful woman is a tribe of other successful women who have her back.,0.007451976,0.00429573,0.001431572,0.051624529,0.892960429,0.00412756,0.0381082,,,,,
Life is too short to wear boring clothes.,0.007392779,0.028333033,0.002120892,0.003301045,0.055234276,0.899656892,0.00396105,,,,,
Empowered women empower women.,0.042505674,0.086941607,0.004345112,0.176560059,0.675218999,0.006303962,0.008124541,,,,,
Confidence is silent; insecurities are loud.,0.031065268,0.090135798,0.022419447,0.004302294,0.762534916,0.086460188,0.003082077,,,,,
Own your story; it's what makes you unique.,0.02162634,0.00761263,0.004587913,0.025182741,0.914916813,0.002429901,0.023643631,,,,,
"Surround yourself with those who bring out the best in you, not the stress in you.",0.017932406,0.041615684,0.010719292,0.045012474,0.870190084,0.005172287,0.009357695,,,,,
Don't just exist; live with intention.,0.082861885,0.015305537,0.00379896,0.004365165,0.886239529,0.004661541,0.002767497,,,,,
Embrace the glorious mess that you are.,0.020372424,0.005631934,0.00433218,0.709926128,0.246641994,0.005260683,0.007834613,,,,,
You are your best thing.,0.051501751,0.04605037,0.002317197,0.04668323,0.84424758,0.003976167,0.005223762,,,,,
Create your own sunshine.,0.022715887,0.00614111,0.001099749,0.081734829,0.866541088,0.008680173,0.013087112,,,,,
"Darling, you are a work of art.",0.188553914,0.602908671,0.002666494,0.00652626,0.156946987,0.007883982,0.03451366,,,,,
Real queens fix each other's crowns.,0.019689158,0.024951935,0.001503849,0.012403842,0.915336311,0.013106774,0.013008125,,,,,
Shine like the whole universe is yours.,0.015204437,0.060494062,0.01279711,0.030748405,0.859473646,0.013458475,0.00782379,,,,,
Beautiful minds inspire others.,0.009961864,0.018880332,0.00306188,0.760825574,0.190809801,0.004680706,0.011779828,,,,,
"Life is tough, my darling, but so are you.",0.00719145,0.018229827,0.048435319,0.024429461,0.13990508,0.754814863,0.006993997,,,,,
The only limit to our realization of tomorrow will be our doubts of today.,0.008506762,0.012269777,0.208490878,0.012440614,0.72674334,0.020215938,0.011332754,,,,,
The most beautiful thing a woman can wear is confidence.,0.009005053,0.05860291,0.006002106,0.480296284,0.433448315,0.006621363,0.006023937,,,,,
"Success is not final, failure is not fatal: It is the courage to continue that counts.",0.01287731,0.011172429,0.048931867,0.085168369,0.828514814,0.009531768,0.003803508,,,,,
Beauty begins the moment you decide to be yourself.,0.013743578,0.043279763,0.028390553,0.163123399,0.73965919,0.003927109,0.007876463,,,,,
You are not a drop in the ocean; you are the entire ocean in a drop.,0.027553549,0.037459336,0.017008882,0.003220588,0.744130015,0.008535985,0.162091643,,,,,
Life is either a daring adventure or nothing at all.,0.016712531,0.005652737,0.210247323,0.158274427,0.461842597,0.010764948,0.13650541,,,,,
Success isn't about how much money you make; it's about the difference you make in people's lives.,0.023296246,0.012655723,0.003046671,0.045191031,0.889490783,0.002974469,0.023344953,,,,,
"Sometimes, the best way to solve a problem is to stop thinking about it.",0.040256858,0.189178139,0.006160094,0.005170644,0.737261236,0.019638523,0.002334533,,,,,
Your value doesn't decrease based on someone's inability to see your worth.,0.05519031,0.045638762,0.003392547,0.003296174,0.874400198,0.008510054,0.009571899,,,,,
The most important relationship in your life is the one you have with yourself.,0.015902035,0.032836244,0.010931479,0.328814566,0.556834638,0.047757559,0.006923511,,,,,
Surround yourself with those who see your value and remind you of it.,0.015076445,0.049280915,0.01203749,0.077277906,0.82702297,0.00265234,0.016651938,,,,,
Life is too short to waste on hating anyone.,0.3335253,0.501984358,0.002754711,0.00396055,0.103366576,0.051864438,0.002544088,,,,,
Every flower must grow through dirt to reach the sunshine.,0.026007527,0.122411124,0.003333671,0.0072513,0.818184316,0.017184174,0.005627946,,,,,
The way you speak to yourself matters the most.,0.022083836,0.05617151,0.00595685,0.013546541,0.893260002,0.004814568,0.004166653,,,,,
Don't be a product of your circumstances; be a product of your decisions.,0.226725042,0.132062852,0.02245966,0.00425794,0.595007181,0.015366114,0.004121209,,,,,
"When life gives you lemons, make lemonade, and then sell it.",0.048235625,0.021852065,0.001709989,0.117244378,0.798549235,0.004158046,0.008250702,,,,,
Kindness is free; sprinkle it everywhere.,0.030548232,0.069617622,0.004365466,0.026267,0.858279705,0.007911935,0.003010031,,,,,
"Your vibe attracts your tribe, so choose wisely.",0.010827236,0.023214391,0.001492171,0.027381556,0.928986013,0.004138875,0.003959863,,,,,
Sometimes the best response is no response.,0.045332152,0.204718754,0.007082183,0.002228973,0.681744516,0.050301515,0.008591916,,,,,
"Be a voice, not an echo.",0.020867975,0.030031832,0.020469112,0.002960613,0.910268128,0.011274612,0.004127678,,,,,
The best is yet to come.,0.002963957,0.004666339,0.005388224,0.057837773,0.913270414,0.006387224,0.009486069,,,,,
Don't just dream; do.,0.064096496,0.009872429,0.220677093,0.047073014,0.578714013,0.032688096,0.046878859,,,,,
"Life is a journey that must be traveled, no matter how bad the roads and accommodations.",0.02728196,0.385240793,0.096548952,0.004953014,0.359458894,0.122764111,0.003752235,,,,,
Be fearless in the pursuit of what sets your soul on fire.,0.150366247,0.005183643,0.756520152,0.00872153,0.072689869,0.00448984,0.002028721,,,,,
"Your time is now; start where you are, use what you have, do what you can.",0.2636742,0.015445789,0.269777983,0.006191205,0.426608741,0.011212474,0.007089599,,,,,
It's okay not to be okay as long as you are not giving up.,0.138175711,0.220708296,0.049778793,0.012247874,0.413102746,0.16412735,0.001859076,,,,,
The only limits that exist are the ones you place on yourself.,0.023536509,0.023192961,0.003238759,0.004072633,0.932061255,0.006460871,0.007437008,,,,,
Your potential is endless.,0.01066078,0.003035224,0.006473698,0.06242346,0.839386284,0.00599694,0.072023571,,,,,
"Keep your head high, keep your chin up, and most importantly, keep smiling.",0.01603917,0.017138148,0.000967888,0.261399627,0.68323797,0.015393704,0.005823453,,,,,
"Sometimes you win, sometimes you learn.",0.047940478,0.021775918,0.002723111,0.082789689,0.833621681,0.005029304,0.006119854,,,,,
The goal is not to be better than anyone else but to be better than you used to be.,0.008056853,0.015777532,0.002410719,0.021009898,0.938869059,0.006923776,0.006952095,,,,,
Your life does not get better by chance; it gets better by change.,0.027049134,0.013208949,0.007676501,0.008410693,0.914304376,0.022712456,0.006637977,,,,,
Create the life you can't wait to wake up to.,0.012666667,0.003700188,0.014535978,0.091218054,0.841572404,0.009395238,0.026911408,,,,,
Don't count the days; make the days count.,0.130793765,0.030189523,0.013231372,0.004221283,0.789106667,0.019031897,0.01342546,,,,,
Life is short; buy the shoes.,0.015443616,0.005134183,0.006889133,0.020131594,0.933154047,0.014385434,0.004861983,,,,,
The only impossible journey is the one you never begin.,0.010474685,0.008812388,0.16910547,0.006168438,0.759333193,0.009745372,0.036360521,,,,,
Your potential is like a seed; it needs nurturing to grow.,0.008371005,0.013811593,0.005371283,0.006328985,0.948574543,0.006957403,0.010585196,,,,,
"Confidence is not ""They will like me."" Confidence is ""I'll be fine if they don't.""",0.018351713,0.0154008,0.019825682,0.018705983,0.920283139,0.004363137,0.00306956,,,,,
A strong woman looks a challenge in the eye and gives it a wink.,0.02342882,0.365997285,0.001704519,0.301928848,0.292595446,0.009366855,0.004978233,,,,,
Your worth is not determined by others' opinions.,0.059596144,0.049146418,0.005810325,0.011869398,0.858606517,0.010332196,0.004638985,,,,,
You're never too old to set another goal or to dream a new dream.,0.004468371,0.005290894,0.004499216,0.007379043,0.958230793,0.007065695,0.013066021,,,,,
Your attitude determines your direction.,0.072132081,0.042153191,0.00401001,0.003983748,0.868029833,0.005975852,0.003715333,,,,,
The best way to predict the future is to create it.,0.007246144,0.004033189,0.004034231,0.006355843,0.969185531,0.002260657,0.006884289,,,,,
Life is short; do stuff that matters.,0.038719118,0.019063747,0.007316163,0.037752252,0.879800379,0.014200442,0.003147873,,,,,
Wake up with determination; go to bed with satisfaction.,0.113182977,0.015533213,0.013810862,0.189272642,0.632571578,0.029545719,0.006083076,,,,,
Bloom where you are planted.,0.019983998,0.022942711,0.004711578,0.015347529,0.913196921,0.008617152,0.015200092,,,,,
What you get by achieving your goals is not as important as what you become by achieving your goals.,0.066577435,0.034427658,0.001656616,0.019031415,0.854024887,0.004897146,0.019384874,,,,,
Be the kind of person your dog thinks you are.,0.064857692,0.142580435,0.00560567,0.018836036,0.756801605,0.006057551,0.005260997,,,,,
Don't be afraid to start over. It's a brand new opportunity to rebuild what you truly want.,0.002965859,0.002478675,0.910886884,0.006107688,0.066973716,0.004061674,0.006525587,,,,,
The best way to predict your future is to create it.,0.007937008,0.004552082,0.004107681,0.00662481,0.9692927,0.002417062,0.005068643,,,,,
What's the most adventurous thing you've ever done?,0.010255679,0.00666702,0.011253583,0.021435544,0.495554388,0.003148153,0.451685607,,,,,
"Wow, that sunset is breathtaking!",0.007035515,0.003497997,0.012716287,0.042594168,0.022992019,0.004314601,0.906849384,,,,,
Can you believe it's been a year since we started this journey?,0.008970725,0.003414892,0.002477924,0.003153887,0.015092153,0.002515888,0.964374542,,,,,
I can't wait to see where life takes us next!,0.001817802,0.000613735,0.001782639,0.974310398,0.012612722,0.00241955,0.006443149,,,,,
Why do we always underestimate the power of a good laugh?,0.035441879,0.011596384,0.013685176,0.003059658,0.64061451,0.007040707,0.288561702,,,,,
Have you ever danced in the rain just because?,0.024768258,0.041352201,0.015081913,0.013284881,0.575427413,0.017759375,0.312325925,,,,,
"There's something magical about the sound of waves crashing on the shore, don't you think?",0.023993609,0.043427996,0.147270247,0.01838069,0.064720035,0.014754237,0.68745321,,,,,
I'm on a mission to find the perfect playlist for every mood. Any recommendations?,0.005152662,0.002244319,0.002341667,0.032966096,0.902237475,0.005497276,0.049560513,,,,,
Isn't it amazing how a simple cup of tea can soothe the soul?,0.004832237,0.005978978,0.003525994,0.022276292,0.042948578,0.007148277,0.913289607,,,,,
What's your favorite way to unwind after a long day?,0.004643152,0.009403119,0.002777324,0.061089482,0.860811114,0.019337101,0.041938681,,,,,
Why do we wait for Fridays to celebrate? Let's make every day a reason to rejoice!,0.006503325,0.001035913,0.000512635,0.937556088,0.027271353,0.004368198,0.022752378,,,,,
Can you imagine a world without music? It's like a language everyone understands.,0.021645039,0.016059242,0.010938504,0.013650068,0.128217682,0.003109308,0.806380153,,,,,
I just finished a book that changed my perspective completely. Have you read anything like that lately?,0.017216245,0.029697377,0.00562826,0.012790197,0.497725517,0.005625055,0.431317329,,,,,
Ever notice how a smile from a stranger can brighten your entire day?,0.012397643,0.009968213,0.003047656,0.608923495,0.078715838,0.003890294,0.283056855,,,,,
"Life's too short to wear boring colors. Today, I'm embracing the vibrant hues!",0.010105724,0.008344442,0.00080446,0.78874594,0.06889651,0.112846442,0.010256563,,,,,
What's the one piece of advice you wish you could give your younger self?,0.010162884,0.010937682,0.018846866,0.005102292,0.789451301,0.0193855,0.146113396,,,,,
Shoutout to all the strong women who've paved the way for us. Let's continue breaking those glass ceilings!,0.924342811,0.023103099,0.014389822,0.006391102,0.019175816,0.004480198,0.008116925,,,,,
Isn't it funny how a small act of kindness can have a ripple effect on the entire day?,0.044131104,0.037517704,0.007111455,0.148575902,0.071316183,0.010037576,0.681310058,,,,,
Who needs a superhero when you have your best friend by your side?,0.021521481,0.015898002,0.004309808,0.018643778,0.750970781,0.005975431,0.182680726,,,,,
"Do you ever feel like you're on the verge of a breakthrough, and all you need is that one moment of courage?",0.011850353,0.007665721,0.367128789,0.104140416,0.469712466,0.005046401,0.034455862,,,,,
"The best stories often begin with ""Once upon a time in the middle of an ordinary life...""",0.003258435,0.009254341,0.007952738,0.021510944,0.933794677,0.002560644,0.021668257,,,,,
Why is it that a cup of hot cocoa feels like a hug from the inside?,0.008922094,0.040299512,0.001951313,0.492441565,0.359784782,0.010092004,0.086508736,,,,,
"Have you ever had a moment when a song played, and suddenly, you were transported back in time?",0.00635375,0.003224642,0.01729046,0.0029303,0.021556463,0.00148276,0.947161615,,,,,
"Let's make a pact to never lose our sense of wonder, no matter how old we get.",0.007682732,0.005310712,0.009296557,0.009575646,0.463971406,0.010460745,0.493702173,,,,,
Isn't it fascinating how different scents can evoke the most vivid memories?,0.011284719,0.029470442,0.009171014,0.01397331,0.444487542,0.003938437,0.487674505,,,,,
Who needs a magic wand when you have the power of determination and hard work?,0.01596508,0.007088377,0.005406969,0.004912287,0.840315878,0.003751997,0.122559451,,,,,
Why is it that we tend to remember the compliments we receive years later?,0.015322845,0.013544297,0.002473274,0.001861728,0.732258379,0.004165404,0.230374068,,,,,
Imagine if we could see emotions as colors. What color would joy be?,0.016407367,0.01022323,0.002232524,0.594702005,0.325335383,0.015358024,0.035741456,,,,,
"Life's like a puzzle; sometimes, you need to step back to see the bigger picture.",0.011077769,0.006292852,0.032971628,0.00570636,0.891012669,0.013782628,0.039156094,,,,,
What's your go-to karaoke song that you'd confidently sing in front of a crowd?,0.02175984,0.004952207,0.023080967,0.057513937,0.743452609,0.002951297,0.146289155,,,,,
"Have you ever met someone and felt an instant connection, like you've known them forever?",0.009671529,0.014031018,0.041520376,0.167945907,0.284277081,0.006760236,0.475793779,,,,,
"If you could have dinner with any historical figure, who would it be and why?",0.019038655,0.019471917,0.007424297,0.002553234,0.883469284,0.002396976,0.065645657,,,,,
There's something magical about the first snowfall. Don't you agree?,0.020260746,0.034872528,0.020145023,0.045242708,0.175186545,0.005408967,0.698883474,,,,,
What's your favorite way to spend a lazy Sunday afternoon?,0.012103109,0.007155156,0.001493793,0.25548172,0.638703287,0.022718258,0.062344704,,,,,
Have you ever had a dream that felt so real you woke up questioning reality?,0.010616007,0.004709963,0.263231754,0.007378249,0.039606921,0.003153354,0.671303809,,,,,
"If you could have a conversation with your future self, what advice would you ask for?",0.019209305,0.014776252,0.072577,0.004567926,0.852161527,0.01214787,0.02456018,,,,,
Isn't it funny how a good book can transport you to another world within seconds?,0.035213746,0.027335899,0.006103232,0.089667954,0.037532136,0.00899738,0.795149684,,,,,
What's the soundtrack of your life right now?,0.019685458,0.025625497,0.018455042,0.011538192,0.54886961,0.055268757,0.320557415,,,,,
"Life's a rollercoaster; sometimes, you just have to throw your hands in the air and enjoy the ride.",0.008650543,0.007889731,0.003557073,0.420874089,0.517395079,0.01222102,0.029412491,,,,,
Have you ever had a moment when you felt like you were exactly where you were meant to be?,0.014409672,0.016943919,0.11578811,0.056638103,0.280366242,0.006636837,0.509217143,,,,,
"Who would play you in a movie about your life, and what would the title be?",0.017109852,0.017078767,0.008625893,0.010378879,0.887735605,0.004070311,0.055000681,,,,,
Why do we often find inspiration in the most unexpected places?,0.005481077,0.001165512,0.005820252,0.008633321,0.050816927,0.001789751,0.926293135,,,,,
Imagine if we could bottle laughter. It would be the most precious elixir.,0.016648779,0.010567752,0.002429672,0.222962201,0.708255351,0.004887844,0.034248423,,,,,
What's your secret talent that not many people know about?,0.017343955,0.010444911,0.008072379,0.005286733,0.548248708,0.003940996,0.406662315,,,,,
Ever have a day when your playlist seems to perfectly match your mood?,0.012053654,0.007040566,0.005185836,0.012733776,0.796464264,0.007070529,0.159451351,,,,,
Isn't it incredible how a single act of kindness can create a ripple effect?,0.012527456,0.009180215,0.004900164,0.007237778,0.039911307,0.001721795,0.924521327,,,,,
"If you could have any animal as a sidekick, which would you choose?",0.015294326,0.016279211,0.003552539,0.005310821,0.927484632,0.003261366,0.028817125,,,,,
"Have you ever had a ""lightbulb"" moment that changed your perspective completely?",0.01473022,0.006487131,0.021029212,0.006495321,0.110648021,0.004084276,0.836525798,,,,,
Life's too short to skip dessert. What's your guilty pleasure treat?,0.007025593,0.004074995,0.002676073,0.095709495,0.746212661,0.03305031,0.11125081,,,,,
"Do you believe in fate, or do you think we create our own destiny?",0.047743969,0.02712501,0.031142354,0.003946486,0.841490805,0.009808832,0.038742494,,,,,
Why is it that a good laugh can instantly lift your spirits?,0.014340935,0.004881047,0.00307688,0.551434457,0.29796499,0.003599453,0.124702275,,,,,
What's the most courageous thing you've ever done?,0.018666925,0.007543548,0.031613987,0.029991839,0.346958697,0.001647994,0.563577056,,,,,
Isn't it remarkable how nature has the power to heal and rejuvenate?,0.00506813,0.004616894,0.002053173,0.002214342,0.040363539,0.00172266,0.943961263,,,,,
Have you ever had a day when everything seemed to fall into place?,0.0125221,0.006253824,0.014251639,0.013624513,0.561253846,0.008566517,0.383527547,,,,,
"Life's a journey, not a destination. What's your next adventure?",0.011651145,0.005474517,0.019911837,0.00357694,0.913454711,0.006481624,0.039449312,,,,,
"If you could time travel, would you go to the past or the future?",0.01296686,0.015552547,0.008177644,0.002002103,0.922389925,0.004792861,0.034117993,,,,,
Isn't it strange how a single scent can trigger a flood of memories?,0.037252959,0.232439056,0.108056642,0.003368142,0.14089334,0.005216876,0.472772986,,,,,
What's your favorite way to practice self-care?,0.025203237,0.013982989,0.005675233,0.044257838,0.798019111,0.004843451,0.108018175,,,,,
Ever had a serendipitous encounter that changed your life?,0.004144226,0.002885084,0.042579629,0.032405533,0.04323579,0.004971006,0.869778752,,,,,
Why do you think we're drawn to certain places as if we have a connection to them?,0.0378411,0.014363698,0.006868748,0.002930585,0.373351246,0.003275598,0.561369002,,,,,
What's the most valuable lesson you've learned from a failure?,0.020785613,0.010178074,0.00683792,0.010662152,0.799685895,0.003501369,0.148348987,,,,,
Have you ever had a moment when you felt completely in sync with the universe?,0.01105475,0.013159672,0.030520042,0.025607103,0.375161886,0.004713552,0.539783001,,,,,
Life's full of surprises. What's something unexpected that brought you joy recently?,0.003962199,0.000654034,0.002258889,0.298907399,0.034254618,0.00824965,0.651713252,,,,,
Why is it that we often remember the smallest details about the happiest moments?,0.01339195,0.008719826,0.001245335,0.053953558,0.622431636,0.006279206,0.293978512,,,,,
What's your personal mantra that keeps you going on tough days?,0.019008663,0.008106573,0.028817635,0.00473337,0.905340314,0.006568353,0.027425131,,,,,
Have you ever had a moment when you felt truly alive and present?,0.002054062,0.01041604,0.026118368,0.520926714,0.258026034,0.08482179,0.097637028,,,,,
"If you could have any superpower, what would it be and why?",0.05682186,0.010679134,0.020047858,0.004388364,0.715995312,0.004213436,0.187854052,,,,,
Isn't it fascinating how a simple conversation can change the course of your day?,0.008894872,0.008302394,0.005680023,0.031408966,0.169386551,0.003058347,0.773268819,,,,,
What's your favorite memory from a childhood summer?,0.015964758,0.009041508,0.00522898,0.038868513,0.751614988,0.00366209,0.175619125,,,,,
Life's a series of choices. What's one decision you're grateful you made?,0.013920816,0.00544116,0.001661765,0.046330899,0.791278481,0.018928697,0.122438222,,,,,
Why is it that we often find strength in the most challenging situations?,0.017487703,0.008877046,0.006104803,0.00367023,0.630583942,0.003316496,0.32995978,,,,,
"Have you ever experienced a ""Eureka!"" moment that solved a long-standing problem?",0.011045679,0.003834554,0.15368852,0.035592813,0.050983261,0.00273788,0.742117345,,,,,
What's your favorite way to express creativity?,0.025351828,0.01246481,0.005768239,0.043112822,0.680672407,0.00424745,0.228382364,,,,,
Isn't it incredible how a good friend can turn a mundane day into an adventure?,0.009332902,0.00481669,0.006215123,0.010972186,0.022176424,0.001551367,0.944935262,,,,,
What's the most beautiful place you've ever visited?,0.004674642,0.00338758,0.006069437,0.183148101,0.064878181,0.003395242,0.734446764,,,,,
Have you ever had a day when you felt like you could conquer the world?,0.014141611,0.005963952,0.015118118,0.610948145,0.128792852,0.00360365,0.221431628,,,,,
Life's too short for regrets. What's something you're glad you didn't postpone?,0.005623427,0.007252145,0.00416542,0.130032718,0.230974004,0.580647886,0.041304395,,,,,
Why is it that a heartfelt compliment can boost your confidence for days?,0.030016975,0.00628652,0.00557717,0.080981158,0.514932036,0.003139358,0.359066814,,,,,
What's the most awe-inspiring piece of art you've ever encountered?,0.005418321,0.002799213,0.343503982,0.035950273,0.02674753,0.001951082,0.583629549,,,,,
Have you ever felt a connection to a song as if it was written just for you?,0.011009747,0.034881812,0.017439486,0.014161731,0.56142199,0.005220382,0.355864912,,,,,
Life's like a book with chapters. What chapter are you currently writing?,0.010061624,0.010058056,0.00717168,0.004116598,0.857450068,0.008893027,0.102249026,,,,,
What's your favorite quote or mantra that inspires you?,0.029317509,0.00778756,0.005880218,0.051649563,0.692816377,0.002814027,0.209734827,,,,,
Isn't it amazing how a random act of kindness can create a chain reaction?,0.009140739,0.005188413,0.002430728,0.006790638,0.020259025,0.001347466,0.954842985,,,,,
What's your favorite way to recharge when you're feeling drained?,0.009566038,0.010043346,0.004103175,0.001930036,0.047874212,0.91516906,0.011314102,,,,,
Have you ever had a day when you felt like you were living in a dream?,0.009304656,0.005387659,0.144984826,0.009096415,0.121257991,0.006815256,0.703153193,,,,,
Why do you think certain scents evoke strong emotions and memories?,0.019909291,0.019223338,0.010864487,0.003035707,0.827701867,0.002783207,0.116482161,,,,,
"Life's an adventure; sometimes, you need to embrace the detours.",0.004028473,0.017467665,0.009790991,0.041196894,0.885571301,0.03376684,0.008177778,,,,,
What's the most courageous conversation you've ever had?,0.011261914,0.006052467,0.029846555,0.029788122,0.41569683,0.001553103,0.505800962,,,,,
Have you ever had a day when you felt like you were in a movie montage?,0.012429132,0.046595722,0.054440279,0.019732825,0.463253886,0.018250601,0.385297596,,,,,
Isn't it fascinating how laughter can connect people across cultures and languages?,0.006664596,0.007538844,0.001675879,0.731539428,0.123873599,0.004715776,0.123991929,,,,,
"Life's a dance; sometimes, you lead, and sometimes, you follow.",0.014167529,0.027367348,0.004939533,0.004913741,0.935121655,0.006398483,0.007091758,,,,,
Why do you think we find comfort in revisiting familiar places and routines?,0.006225287,0.011669891,0.008485539,0.023356477,0.915689528,0.006611214,0.027962122,,,,,
What's your favorite childhood game that you'd still play today?,0.017768405,0.009625676,0.002908397,0.067370206,0.677095294,0.005288556,0.219943449,,,,,
Have you ever experienced a moment of pure serendipity?,0.003650918,0.0019851,0.021524748,0.0231381,0.037484936,0.00375009,0.908466101,,,,,
Isn't it strange how a single sentence can change your entire perspective?,0.013775925,0.047992181,0.018189132,0.002356561,0.04959099,0.001804653,0.86629051,,,,,
What's the most heartwarming act of kindness you've witnessed?,0.008048591,0.007313615,0.004395938,0.272214949,0.314204484,0.002002308,0.391820163,,,,,
Life's too short to hold onto grudges. What's something you're ready to let go of?,0.125812784,0.05188144,0.006236707,0.004018904,0.78278935,0.021220841,0.008039978,,,,,
Why is it that we often find inspiration in the silence between words?,0.01963808,0.021556634,0.019040827,0.003154673,0.51703763,0.009052856,0.410519302,,,,,
What's your go-to affirmation that boosts your confidence?,0.019446624,0.007217959,0.02477302,0.027951807,0.726579249,0.003000709,0.191030651,,,,,
Do you ever feel like the universe conspires to put the right people in your path?,0.018041236,0.036488686,0.009194494,0.051020898,0.856971323,0.00606742,0.022215853,,,,,
"Life's a puzzle; sometimes, the pieces fall into place when you least expect it.",0.008288649,0.002286976,0.002960221,0.00738966,0.886176765,0.006248767,0.086649008,,,,,
What's the most adventurous thing you've tried lately?,0.007267621,0.006180666,0.006956717,0.015490923,0.78566438,0.002918932,0.175520733,,,,,
Ever notice how a good playlist can turn a mundane task into a dance party?,0.012921619,0.005956877,0.002467487,0.012515055,0.063291624,0.003241545,0.899605751,,,,,
Why do we often downplay our achievements when we should be celebrating them?,0.094463214,0.056695007,0.004084761,0.005561126,0.778241694,0.008876303,0.052077919,,,,,
Isn't it fascinating how a simple act of gratitude can shift your entire perspective?,0.010173474,0.00731854,0.003481002,0.030492809,0.184327245,0.002611738,0.76159519,,,,,
Life's too short for a boring wardrobe. Let's embrace our unique styles!,0.016862245,0.011070956,0.002193238,0.09834896,0.223478168,0.633513987,0.01453238,,,,,
What's your favorite way to practice mindfulness in a hectic world?,0.023368597,0.00935679,0.009443748,0.015722312,0.874562919,0.004693934,0.062851727,,,,,
Have you ever had a moment when a stranger's kindness restored your faith in humanity?,0.014825801,0.096516907,0.043455429,0.174970612,0.330215544,0.004216644,0.335799038,,,,,
Why is it that we remember the lyrics to our favorite songs but struggle with other details?,0.032431353,0.041455317,0.03306267,0.00179303,0.772144854,0.062188461,0.056924228,,,,,
Do you ever wonder if parallel universes exist where different versions of our lives play out?,0.010906708,0.008349195,0.006467026,0.00274408,0.026434518,0.002489613,0.942608833,,,,,
Life's like a book; each chapter teaches us something new. What's your current lesson?,0.010847746,0.007419663,0.00595515,0.004147769,0.867700577,0.002836073,0.101093069,,,,,
"What's your happy place, real or imaginary, that instantly lifts your spirits?",0.007565785,0.001640572,0.002593907,0.64107132,0.116520122,0.00570591,0.224902362,,,,,
Ever had a day when you felt like you had a personal cheering squad in the universe?,0.007155151,0.009981591,0.002244916,0.755982935,0.16355215,0.003506957,0.057576217,,,,,
Why is it that we find solace in the sound of rain tapping on the window?,0.010857441,0.073971115,0.007085027,0.127790853,0.636082768,0.118475042,0.025737796,,,,,
What's your favorite way to spread positivity in the world?,0.027829856,0.015645847,0.004910069,0.091129959,0.69714421,0.00543213,0.157907963,,,,,
Isn't it incredible how a simple cup of tea can turn a bad day around?,0.014234115,0.00871375,0.00738942,0.005090961,0.028319132,0.002133505,0.934119105,,,,,
Life's a canvas waiting to be painted with the colors of our experiences. What's your palette?,0.007698575,0.014333319,0.008383256,0.002669244,0.909899354,0.006860657,0.050155554,,,,,
Do you ever feel like your dreams are trying to tell you something important?,0.037124939,0.019112259,0.048397508,0.043973848,0.65364188,0.014827659,0.182921827,,,,,
"Why do we often underestimate the impact of small, consistent actions?",0.038866837,0.014159874,0.011275834,0.002107122,0.665196896,0.006431729,0.261961728,,,,,
"Have you ever met someone and felt an instant connection, like kindred spirits?",0.005945337,0.01881809,0.02665168,0.361859858,0.284418374,0.004198274,0.298108339,,,,,
What's the most courageous decision you've made that changed your life?,0.016118893,0.006722486,0.081927739,0.05702484,0.453957856,0.002503355,0.381744832,,,,,
Ever notice how the smell of fresh-baked cookies can transport you back to childhood?,0.011475346,0.222552285,0.005093681,0.034394801,0.643471003,0.006498102,0.076514781,,,,,
Life's a journey; let's appreciate the detours and unexpected adventures.,0.005779921,0.003305631,0.000747519,0.676962316,0.246507272,0.007251755,0.059445638,,,,,
What's your favorite way to unwind and disconnect from the digital world?,0.005777649,0.008316323,0.005263264,0.046977196,0.87011236,0.03035162,0.03320162,,,,,
Why is it that we remember the laughter shared with friends more than the jokes themselves?,0.022867197,0.015915589,0.002421022,0.031782757,0.475192636,0.003100512,0.448720247,,,,,
Do you ever feel like the stars align when you're on the right path?,0.01072079,0.006829028,0.00827969,0.09363465,0.854141116,0.005404104,0.020990614,,,,,
What's your personal anthem that pumps you up when you need motivation?,0.012983362,0.004352799,0.006294041,0.01050399,0.892942607,0.006021993,0.066901237,,,,,
Isn't it amazing how nature has the power to heal and inspire?,0.006988634,0.004871581,0.002671405,0.004679779,0.021072578,0.001716408,0.957999647,,,,,
Why do you think we remember the emotions a song evokes more than the lyrics?,0.02244159,0.015905855,0.004870354,0.002334296,0.638828635,0.004236024,0.311383277,,,,,
Life's a series of choices; what's one decision you're proud of making?,0.013584806,0.011754045,0.002765849,0.010074832,0.918665528,0.003067272,0.040087629,,,,,
What's your favorite way to embrace imperfections and find beauty in them?,0.022911536,0.034569163,0.006449093,0.097415306,0.768298209,0.008632814,0.061723839,,,,,
Ever had a day when you felt like you were living in a perfectly written script?,0.018438753,0.027800014,0.039983351,0.073424459,0.435959548,0.004357754,0.400036067,,,,,
"Why is it that we often find comfort in the familiar, even when change is exciting?",0.008936689,0.013910513,0.00351114,0.052496247,0.863068402,0.005883538,0.052193522,,,,,
Do you ever feel like you're on the brink of a breakthrough but need that final push?,0.009935776,0.007684311,0.773669183,0.005850881,0.148988813,0.013269095,0.040601946,,,,,
Life's too short for regrets; what's something you're excited to pursue?,0.003782692,0.007792605,0.008072229,0.004293573,0.10951101,0.8498981,0.016649781,,,,,
What's your favorite self-care ritual that brings you peace and joy?,0.012758135,0.008080661,0.002368588,0.27507171,0.648353696,0.00502338,0.048343856,,,,,
Isn't it funny how a good book can transport you to another world within pages?,0.036082238,0.033904977,0.006876332,0.126755089,0.040959533,0.010214227,0.745207608,,,,,
Why is it that we often give advice to others that we struggle to follow ourselves?,0.027491659,0.045604672,0.024345398,0.001615977,0.819983244,0.034802679,0.046156377,,,,,
Ever had a day when you felt like your energy aligned with the rhythm of the universe?,0.011874456,0.01028369,0.011322789,0.072658449,0.665049314,0.003887534,0.224923834,,,,,
What's your favorite childhood memory that still makes you smile today?,0.006739252,0.004314816,0.001106276,0.739801466,0.187524959,0.003051102,0.057462193,,,,,
"Life's like a garden; sometimes, you need to prune to encourage new growth.",0.011309747,0.016393211,0.003396608,0.008018802,0.933727622,0.014710021,0.01244399,,,,,
Why do we find comfort in the silence shared with someone who understands us?,0.007751265,0.038968224,0.012906731,0.008217638,0.866802633,0.052330349,0.013023147,,,,,
What's the most unexpected source of inspiration you've encountered lately?,0.00385092,0.001124592,0.006686887,0.029486351,0.043495435,0.001834961,0.913520873,,,,,
Have you ever had a conversation that changed your perspective on a long-held belief?,0.013020352,0.022186473,0.012078436,0.014197151,0.595600009,0.005233221,0.337684363,,,,,
Why do we sometimes resist asking for help when we know it's okay to do so?,0.142707244,0.031844258,0.140808955,0.002580875,0.640520632,0.021283619,0.020254403,,,,,
"What's your favorite way to express creativity, whether it's art, writing, or another form?",0.019393612,0.015356825,0.003877235,0.026438214,0.822264969,0.003407132,0.109262019,,,,,
Life's too short for negativity; what's something you're grateful for today?,0.010065047,0.0049672,0.001110464,0.036740813,0.862549186,0.0175051,0.067062162,,,,,
What's your favorite piece of advice that you've received and still carry with you?,0.027379878,0.011064291,0.003106988,0.05622407,0.757496774,0.003731751,0.140996233,,,,,
Why is it that a good laugh with friends can make even the toughest days bearable?,0.021162789,0.023270506,0.008041763,0.319843948,0.559812129,0.01143827,0.056430604,,,,,
Do you ever feel like a small act of kindness can create a ripple effect in the world?,0.009682163,0.028445628,0.004510635,0.548185468,0.374112666,0.003721452,0.031341996,,,,,
Life's a constant evolution; what's one aspect of yourself you're currently working on?,0.007688736,0.007737412,0.003872042,0.00219122,0.93597883,0.002794084,0.039737727,,,,,
What's your favorite way to embrace change and adapt to new situations?,0.024158441,0.014371865,0.005803733,0.040855058,0.810579538,0.004001838,0.100229472,,,,,
Ever had a moment when you felt like you were exactly where you were meant to be?,0.01237862,0.014090516,0.247096375,0.065195873,0.153459981,0.006213996,0.501564622,,,,,
"Why do we often find wisdom in the simplest things, like a child's perspective?",0.011213157,0.018384598,0.002242632,0.002420777,0.923361182,0.003161523,0.039216097,,,,,
What's your favorite way to give back to your community or the world at large?,0.03211458,0.017754452,0.004163163,0.121667191,0.681460917,0.00569926,0.137140512,,,,,
Isn't it fascinating how a single word can hold so much power and meaning?,0.011432244,0.009925239,0.00392417,0.00923367,0.12935257,0.002187955,0.833944142,,,,,
Why do we sometimes hesitate to celebrate our achievements instead of downplaying them?,0.005005861,0.003462277,0.928850651,0.001723066,0.045931801,0.002891077,0.012135309,,,,,
"Life's a dance; sometimes, you lead, and sometimes, you follow the rhythm of the universe.",0.01008226,0.022139998,0.006468838,0.006920477,0.939154387,0.005038954,0.010195115,,,,,
What's your favorite way to recharge when you feel mentally and emotionally drained?,0.004352715,0.004857298,0.001529011,0.001331698,0.01716397,0.966235042,0.004530317,,,,,
Have you ever experienced a moment of pure serendipity that left you in awe?,0.00514143,0.002319428,0.569114506,0.005396084,0.013645176,0.001709952,0.402673453,,,,,
Why is it that we often remember the feeling a place gives us more than its physical details?,0.010907061,0.017117057,0.005917215,0.005666958,0.71000284,0.004083078,0.246305779,,,,,
What's your personal mantra that helps you stay grounded in challenging times?,0.013073373,0.004008479,0.015533758,0.005186857,0.918667257,0.004415753,0.039114613,,,,,
Ever notice how a genuine compliment can brighten your entire day?,0.026782146,0.008124445,0.002390754,0.10394828,0.125460878,0.003952517,0.729340971,,,,,
"Why do you think we're drawn to certain books, movies, or music during specific life phases?",0.022717398,0.010210152,0.006386334,0.003825991,0.748519957,0.003246315,0.205093846,,,,,
Life's a journey; what's the most memorable road trip or travel experience you've had?,0.007550222,0.003593523,0.006714923,0.066327058,0.506087422,0.003749057,0.405977756,,,,,
"What's your favorite way to celebrate personal growth and accomplishments, big or small?",0.035285592,0.017984439,0.003498425,0.121286668,0.698784411,0.004379026,0.118781373,,,,,
Why is it that we often underestimate the impact of consistency in our habits?,0.028862152,0.020107821,0.008833128,0.00135253,0.661883771,0.008109415,0.270851225,,,,,
Have you ever had a moment when a friend's support helped you through a tough time?,0.010824158,0.042755131,0.090667151,0.315575927,0.336985469,0.091183983,0.112008207,,,,,
What's your favorite way to express gratitude for the positive aspects of your life?,0.039004739,0.012464557,0.001756631,0.217711702,0.595341742,0.004610821,0.129109859,,,,,
Isn't it incredible how a well-timed quote or saying can provide comfort and inspiration?,0.007776951,0.008146666,0.007334493,0.020773184,0.083154865,0.003334547,0.869479239,,,,,
"Why do we sometimes find joy in the process of creating, regardless of the end result?",0.007520823,0.009175782,0.000508717,0.898311794,0.068655215,0.00725869,0.008568845,,,,,
Life's too short for self-doubt; what's one thing you appreciate about yourself?,0.005693243,0.006894158,0.024152717,0.012836318,0.913143456,0.006262505,0.031017508,,,,,
What's your favorite way to balance productivity and relaxation in your daily routine?,0.023718374,0.008678942,0.004820745,0.044964034,0.817187667,0.004789332,0.095840842,,,,,
"Ever had a day when you felt like everything aligned perfectly, like pieces of a puzzle?",0.015159482,0.005474564,0.018698724,0.047151983,0.643538952,0.003739262,0.26623702,,,,,
Why is it that we often remember the moments of laughter shared with loved ones?,0.014509785,0.005905612,0.002063181,0.163943067,0.610072613,0.003458587,0.20004712,,,,,
What's your go-to method for overcoming challenges and setbacks?,0.014874496,0.005142392,0.026633177,0.004763247,0.881228626,0.005540797,0.06181721,,,,,
Isn't it amazing how a genuine smile can create a positive ripple effect around you?,0.006318294,0.002789878,0.002321091,0.020645248,0.025337197,0.001535358,0.941052914,,,,,
"Why do you think we often find comfort in routines, even when spontaneity is exciting?",0.018304581,0.00590597,0.002810542,0.060656425,0.801245689,0.003964585,0.107112184,,,,,
Life's a series of connections; what's one friendship that has significantly shaped you?,0.005803761,0.002755908,0.006427845,0.013538142,0.794493735,0.003555429,0.173425153,,,,,
What's your favorite way to savor the present moment and appreciate the now?,0.012062173,0.027037537,0.00170113,0.237825081,0.691833317,0.007001516,0.022539292,,,,,
Why is it that we sometimes overlook the beauty in simplicity and routine?,0.055057395,0.067327395,0.005393112,0.004069548,0.729953885,0.014229542,0.123969153,,,,,
Ever had a moment when a piece of advice or insight completely shifted your perspective?,0.01301294,0.023994233,0.049513556,0.010538541,0.084450744,0.002176297,0.816313744,,,,,
What's your favorite way to foster a sense of community in your life?,0.017351419,0.013108456,0.005038229,0.085863955,0.760355353,0.005294147,0.11298845,,,,,
Isn't it fascinating how a single photograph can encapsulate a wealth of emotions and memories?,0.008893824,0.012684653,0.005506248,0.011499863,0.217981428,0.003076323,0.740357637,,,,,
Why do we often find strength in vulnerability and sharing our authentic selves?,0.007186093,0.007250478,0.091121942,0.00674113,0.850558519,0.010751881,0.026389958,,,,,
"What's your favorite way to infuse creativity into your daily life, no matter how small?",0.024822803,0.012956956,0.004457118,0.043250676,0.808445632,0.004010016,0.102056742,,,,,
Life's a blend of highs and lows; what's one lesson you've learned during a challenging time?,0.004360059,0.004233724,0.006601852,0.006051626,0.937299132,0.009875217,0.031578355,,,,,
What's your favorite way to celebrate the accomplishments of those around you?,0.035952527,0.021373112,0.002734246,0.14949894,0.68024981,0.004914033,0.105277285,,,,,
"Why is it that we often find solace in revisiting familiar places, books, or movies?",0.007181885,0.012675961,0.004715991,0.30547291,0.615023494,0.026903737,0.028026057,,,,,
Have you ever had a day when you felt like the universe was sending you positive vibes?,0.006232143,0.008917285,0.002380445,0.419706821,0.490171582,0.008205752,0.064386003,,,,,
What's your personal recipe for overcoming self-doubt and boosting confidence?,0.009924845,0.00998576,0.304642588,0.015300795,0.617222905,0.009668392,0.033254731,,,,,
Life's a canvas; what's one dream or goal you're excited to paint in the next chapter?,0.011638248,0.004525907,0.005269479,0.022390381,0.901471496,0.003881357,0.050823107,,,,,
Why do you think we often remember moments of laughter and joy more vividly than others?,0.01068228,0.005584328,0.005798737,0.015237306,0.779821813,0.003202449,0.179673046,,,,,
"Ever had a conversation that felt like a turning point, shaping the course of your life?",0.017164599,0.02395626,0.103436813,0.014337929,0.323179811,0.006445902,0.511478722,,,,,
What's your favorite way to embrace the unknown and navigate uncertainty?,0.010515102,0.006133576,0.452524513,0.060013466,0.42688036,0.005770727,0.038162291,,,,,
Isn't it incredible how a shared experience can create bonds that last a lifetime?,0.009124117,0.006442215,0.005118986,0.006796604,0.029810378,0.001794355,0.940913379,,,,,
What's your go-to method for sparking creativity when you feel stuck or uninspired?,0.059783705,0.028585447,0.022372702,0.001772599,0.17439121,0.695824265,0.017270116,,,,,
Life's too short for regrets; what's something you're ready to pursue without hesitation?,0.007890739,0.003696526,0.93177259,0.001330197,0.044320356,0.007044014,0.003945656,,,,,
Why do you think we often find comfort in the sound of familiar voices and laughter?,0.005628604,0.009969534,0.007891776,0.047018532,0.885785937,0.006652438,0.037053179,,,,,
Do you ever feel like your intuition is whispering a message you can't quite decipher?,0.014542461,0.015677541,0.82306987,0.004559925,0.071145065,0.007978957,0.063026242,,,,,
Life's a journey; what's one lesson you've learned from an unexpected source?,0.005631918,0.001986142,0.009021422,0.028939283,0.231707647,0.004512772,0.718200743,,,,,
What's your favorite way to celebrate the accomplishments of the people you care about?,0.03810041,0.027874127,0.002621457,0.150567517,0.696174502,0.004740774,0.079921216,,,,,
Ever notice how a simple act of kindness can create a ripple effect in your day?,0.024537276,0.01158943,0.006581493,0.04758653,0.335341036,0.002584711,0.57177949,,,,,
Why do you think we find solace in revisiting cherished memories during challenging times?,0.007695818,0.006018035,0.004662529,0.362795591,0.563752174,0.036956374,0.018119464,,,,,
"Life's like a puzzle; sometimes, you need to take a step back to see the bigger picture.",0.008175668,0.005415446,0.018611021,0.004713445,0.918097258,0.010558117,0.034428976,,,,,
What's your favorite way to stay grounded when life gets chaotic?,0.211779922,0.013967131,0.120341294,0.020522015,0.543207884,0.029851397,0.060330339,,,,,
Have you ever experienced a moment when a decision felt like destiny in the making?,0.010872336,0.009190807,0.227275327,0.055077933,0.11253985,0.005645968,0.579397798,,,,,
Why is it that we often remember the emotions associated with a place more than its details?,0.021224866,0.020444117,0.007393222,0.001636017,0.641439974,0.004571362,0.303290516,,,,,
Do you ever feel like your dreams are sending you messages that linger in your waking hours?,0.020664703,0.063351847,0.14926292,0.002959404,0.701337516,0.029713545,0.032710098,,,,,
What's your go-to method for practicing self-compassion on difficult days?,0.0190535,0.010191639,0.029855389,0.004194706,0.877720952,0.00960529,0.049378559,,,,,
"Life's a dance; sometimes, you lead, and other times, you follow the rhythm of the universe.",0.009307018,0.015882613,0.005331973,0.007335877,0.944960296,0.00505691,0.01212534,,,,,
Why do you think certain scents have the power to transport us back to specific moments?,0.032619555,0.02015578,0.005194877,0.002436726,0.727925301,0.003403865,0.208263963,,,,,
Ever notice how a shared laugh with a friend can turn a regular day into an extraordinary one?,0.006600481,0.002752861,0.003672901,0.018217212,0.036335915,0.001605709,0.930814862,,,,,
Isn't it amazing how a well-timed piece of advice can change the trajectory of your day?,0.007914035,0.004578119,0.002850241,0.005302781,0.017382698,0.001560444,0.960411668,,,,,
"Why do we often find comfort in the sound of rain, like nature's lullaby?",0.003061494,0.012350172,0.007576918,0.067927904,0.837367296,0.058115166,0.013601116,,,,,
What's your personal anthem that encourages you to embrace your uniqueness?,0.00975816,0.005532248,0.007331324,0.027692638,0.880466461,0.006762495,0.062456783,,,,,
Life's too short for self-doubt; what's one accomplishment you're proud of?,0.007034066,0.00995375,0.081938408,0.007121931,0.859975457,0.007139534,0.026836928,,,,,
"Have you ever experienced a ""Eureka!"" moment that sparked a new idea or perspective?",0.009179631,0.00351348,0.093049593,0.042183492,0.040281903,0.001917731,0.809874177,,,,,
Why do we sometimes find inspiration in the most unexpected places or people?,0.007113977,0.001525718,0.006386926,0.006537662,0.058332752,0.001934869,0.918168128,,,,,
What's your favorite way to celebrate the small victories along your journey?,0.038207576,0.01575573,0.002979863,0.149026841,0.675971448,0.0046196,0.113438964,,,,,
Isn't it incredible how a genuine smile can create a positive ripple effect around you?,0.010187646,0.004589705,0.004892145,0.02332318,0.050733522,0.001494644,0.904779136,,,,,
Why do you think we remember the feeling a place gives us more than its physical details?,0.012332642,0.014812303,0.006023944,0.004360428,0.704584539,0.003558049,0.254328102,,,,,
What's your favorite way to infuse creativity into your daily routine?,0.026453044,0.009921919,0.004738898,0.044333931,0.758808613,0.004358576,0.151384979,,,,,
Why is it that we often remember moments of laughter and joy more vividly than others?,0.010587624,0.006943988,0.005275546,0.040202845,0.811969995,0.003760397,0.121259674,,,,,
Isn't it amazing how a genuine compliment can brighten your entire day?,0.005875431,0.002868417,0.001735324,0.009866171,0.016238187,0.001360501,0.962056041,,,,,
Why is it that we often remember the laughter shared with friends more than the jokes themselves?,0.016238855,0.013260338,0.002658415,0.015931416,0.552960575,0.003411537,0.395538867,,,,,
"Life's an adventure; sometimes, you need to embrace the detours and unexpected moments.",0.004420717,0.004055015,0.00710499,0.161328122,0.757498145,0.010481813,0.055111151,,,,,
"Why do we find comfort in revisiting familiar places and routines, even when change is exciting?",0.009742895,0.023147421,0.012036527,0.017167879,0.910885513,0.009648589,0.017371126,,,,,
Why is it that we often overlook the beauty in simplicity and routine?,0.047626879,0.049260981,0.004701179,0.004934126,0.733242452,0.013691621,0.146542728,,,,,
What's your favorite way to overcome self-doubt and boost your confidence?,0.013443433,0.010296326,0.0777421,0.045589842,0.787800014,0.00560756,0.059520733,,,,,
What's your favorite way to practice self-care during hectic times?,0.031657986,0.009116985,0.011634424,0.029248785,0.834636033,0.008015796,0.075689994,,,,,
Life's a tapestry woven with experiences; what's a moment you'd frame and hang on your wall?,0.007802961,0.009063051,0.008345369,0.014219466,0.835454345,0.004913418,0.120201342,,,,,
Why do you think we often find inspiration in the resilience of others?,0.017757203,0.006447644,0.007597494,0.003898055,0.750939608,0.003106098,0.21025382,,,,,
Ever notice how a spontaneous road trip can clear the mind and refresh the spirit?,0.012600023,0.00441748,0.005043273,0.073902011,0.143902123,0.003015378,0.757119715,,,,,
What's your go-to comfort food that feels like a warm hug from the inside?,0.006010316,0.009255235,0.002689842,0.250218004,0.69562614,0.005044339,0.031156136,,,,,
Isn't it amazing how a well-timed compliment can turn a day around?,0.006412893,0.003461945,0.002173116,0.007047875,0.014568572,0.001477697,0.964857936,,,,,
Why do you think we sometimes feel the need to apologize for taking time for ourselves?,0.024088843,0.107737869,0.008063955,0.004610598,0.501548767,0.305467606,0.048482403,,,,,
Life's a constant ebb and flow; what's one thing you're embracing in this current chapter?,0.010982715,0.013482745,0.014192352,0.003798492,0.906515718,0.010457744,0.040570263,,,,,
What's your favorite way to contribute to the positive energy of a space?,0.024505842,0.016275987,0.003068221,0.089437194,0.753220201,0.004002549,0.109490059,,,,,
Have you ever had a moment when a quote perfectly captured what you were feeling?,0.024905816,0.051210772,0.00729129,0.030511109,0.387608349,0.005077949,0.493394762,,,,,
Why is it that we often remember the feeling a book gives us more than its plot?,0.015511631,0.019619601,0.003786111,0.006029996,0.705915451,0.003838779,0.24529849,,,,,
What's your personal mantra that guides you through challenging moments?,0.012674681,0.004008374,0.01468766,0.005385861,0.914237857,0.002725138,0.046280265,,,,,
Ever had a day when you felt like you were living in a technicolor dream?,0.009369151,0.009718833,0.236119777,0.008348598,0.087399624,0.005956178,0.643087864,,,,,
Life's a story; what's a plot twist you didn't see coming but wouldn't change?,0.025277926,0.014476701,0.01144693,0.00740642,0.485354453,0.008047409,0.447990239,,,,,
Why do you think we find comfort in the nostalgia of old photographs?,0.004785751,0.014037794,0.003273578,0.013032359,0.928997099,0.013486613,0.022386773,,,,,
What's your favorite way to turn a setback into a setup for a comeback?,0.015528477,0.007551131,0.010221859,0.068753146,0.77923274,0.010211532,0.108501144,,,,,
Isn't it incredible how a piece of music can evoke a flood of emotions and memories?,0.011469708,0.010464512,0.007800319,0.005874596,0.029620627,0.001843422,0.932926774,,,,,
Why do we sometimes hesitate to acknowledge the progress we've made?,0.003782462,0.002701817,0.95439291,0.001139102,0.029049039,0.002955954,0.005978746,,,,,
What's your go-to method for finding joy in the midst of a busy day?,0.013189102,0.004305819,0.004456243,0.559157848,0.327880383,0.025487944,0.065522656,,,,,
Life's a garden; what's one lesson you've learned from nurturing your own?,0.008176091,0.005024564,0.001946839,0.005599437,0.941601932,0.003437175,0.03421402,,,,,
What's your favorite way to embrace vulnerability and authenticity?,0.011940009,0.012731328,0.037690379,0.033053901,0.852537215,0.004432853,0.047614276,,,,,
Ever notice how a deep breath can be a reset button for the mind?,0.043052852,0.270253301,0.077212073,0.002760425,0.314342558,0.019813454,0.272565395,,,,,
Why is it that we often remember the kindness of strangers more than other interactions?,0.017995074,0.039223861,0.003601775,0.003798856,0.772701144,0.003386593,0.159292683,,,,,
What's your favorite way to infuse adventure into your everyday routine?,0.021545334,0.008779651,0.004503396,0.047150016,0.775792301,0.004078669,0.138150632,,,,,
Life's too short for self-doubt; what's a strength you've discovered within yourself?,0.006008325,0.011874347,0.194090992,0.00527746,0.750080764,0.012288167,0.020379892,,,,,
Why do you think we find solace in the simplicity of a cup of tea?,0.019134423,0.04043727,0.002238327,0.078535922,0.815314531,0.023120962,0.021218626,,,,,
What's your personal recipe for turning a bad day into a better one?,0.020186001,0.007848101,0.010395503,0.013646809,0.876126587,0.007502425,0.064294532,,,,,
Have you ever experienced a moment when nature felt like a sanctuary?,0.005132357,0.015329617,0.151247576,0.426873744,0.302514374,0.011939537,0.086962737,,,,,
What's your favorite way to support friends going through challenging times?,0.023070076,0.00855755,0.007585051,0.071678169,0.778692424,0.004813808,0.105602898,,,,,
Isn't it amazing how a genuine apology can mend relationships?,0.006181936,0.005958622,0.002351441,0.003257807,0.019494914,0.002626933,0.960128367,,,,,
Why do you think we sometimes hesitate to acknowledge our own resilience?,0.003283829,0.002119993,0.949046552,0.001447349,0.030748637,0.002714272,0.01063941,,,,,
What's your go-to method for turning fear into fuel for growth?,0.011345749,0.003232789,0.897530794,0.003116184,0.068305805,0.002730035,0.013738605,,,,,
Ever had a day when you felt like a character in your favorite book or movie?,0.013436601,0.041719362,0.014807275,0.169237584,0.439351887,0.003887417,0.317559868,,,,,
Life's a journey; what's one destination you're excited to reach?,0.009396828,0.002236923,0.005149595,0.072298884,0.658544898,0.010732999,0.241639867,,,,,
What's your favorite way to practice mindfulness in the midst of chaos?,0.028170479,0.013386023,0.026190247,0.019457435,0.863472521,0.005863174,0.043460049,,,,,
Why is it that we often remember the smell of a favorite place more than its visuals?,0.017071985,0.217175618,0.007442449,0.00614099,0.604059637,0.004377611,0.143731728,,,,,
What's your personal anthem that makes you feel unstoppable?,0.017751148,0.007311658,0.065742366,0.236259863,0.295321435,0.004573615,0.373039901,,,,,
Have you ever had a moment when a song felt like it was written just for you?,0.017757272,0.024196785,0.013268178,0.018137969,0.408168584,0.003653741,0.514817476,,,,,
What's your favorite way to recharge when you're feeling emotionally drained?,0.003236579,0.003078966,0.001579356,0.001102285,0.012793889,0.974241138,0.003967811,,,,,
Life's a dance; what's your signature move that expresses your joy?,0.005134901,0.001810211,0.000609662,0.875150025,0.07834895,0.005222618,0.033723615,,,,,
"Why do you think we find comfort in routines, even when adventure calls?",0.010967311,0.011248103,0.007208448,0.005150064,0.903894544,0.004470882,0.057060674,,,,,
What's your favorite way to celebrate the uniqueness of those around you?,0.02638698,0.014065447,0.00364227,0.098717079,0.736256063,0.00425014,0.116682097,,,,,
Ever notice how a good book can be a companion during both highs and lows?,0.008524653,0.004827875,0.00431083,0.017834386,0.193506628,0.005946784,0.765048802,,,,,
What's your go-to method for maintaining a positive mindset during challenges?,0.013729907,0.005278321,0.009177164,0.00507578,0.905746281,0.002720773,0.058271676,,,,,
Isn't it incredible how a shared experience can create an unspoken bond?,0.009067778,0.006489425,0.005550165,0.006564625,0.029675394,0.001818833,0.940833807,,,,,
What's your favorite way to turn a negative thought into a positive affirmation?,0.024982942,0.018627681,0.003219656,0.049818028,0.828327239,0.004013218,0.071011171,,,,,
Life's too short to hold onto grudges; what's something you're ready to let go of?,0.229475811,0.051301267,0.008319831,0.004240132,0.669631362,0.030355407,0.006676164,,,,,
Why do you think we often remember the taste of a memorable meal more than other details?,0.009677467,0.008952754,0.00392902,0.003313456,0.725725591,0.00362195,0.244779676,,,,,
What's your personal mantra for finding strength in difficult moments?,0.015042057,0.007992061,0.07571885,0.005393206,0.849915206,0.006931744,0.039006803,,,,,
Have you ever experienced a moment of pure gratitude for the present?,0.025085201,0.012842924,0.003678444,0.190287888,0.436309099,0.005333231,0.326463223,,,,,
What's your favorite way to express kindness to yourself and others?,0.023626965,0.021702789,0.003282387,0.051363528,0.835435152,0.00262226,0.0619669,,,,,
Why is it that we find joy in the simplicity of a child's laughter?,0.003181712,0.003089235,0.000231265,0.972520411,0.014927723,0.002512889,0.003536765,,,,,
What's your go-to method for navigating uncertainty with grace?,0.013099457,0.004704968,0.086205229,0.004865783,0.863838971,0.00441937,0.022866193,,,,,
Life's a series of chapters; what's one chapter you're excited to write next?,0.008941328,0.002606609,0.003904438,0.109234303,0.680340409,0.008066915,0.186905995,,,,,
What's your favorite way to channel creativity when faced with a blank canvas?,0.025476879,0.01369725,0.00945498,0.020991417,0.807416439,0.007925694,0.115037337,,,,,
Ever had a day when a simple pleasure brought unexpected joy?,0.0036957,0.001604801,0.005848833,0.294149369,0.063159183,0.006773704,0.624768436,,,,,
Why do you think we often remember the kindness of strangers more than other interactions?,0.018837444,0.025385721,0.00430833,0.002913323,0.767090201,0.003077817,0.178387165,,,,,
What's your personal recipe for turning a challenge into an opportunity?,0.013370113,0.002908561,0.009491106,0.015899066,0.85532093,0.002616955,0.100393161,,,,,
What's your favorite way to celebrate the accomplishments of others?,0.033714678,0.01949957,0.002661013,0.097939655,0.735285819,0.004587866,0.106311508,,,,,
Life's a melody; what's the soundtrack that accompanies your journey?,0.009061906,0.010934868,0.010839685,0.00754588,0.817009866,0.015301486,0.129306287,,,,,
What's your go-to method for finding peace in the midst of chaos?,0.03260662,0.009132839,0.076071724,0.004040536,0.821790993,0.011168844,0.045188457,,,,,
Have you ever had a moment when a simple realization led to a significant shift?,0.01088764,0.006499496,0.035133138,0.014134281,0.105167255,0.001906383,0.826271832,,,,,
Why is it that we often find strength in the vulnerability of sharing our stories?,0.007333824,0.009066667,0.038064126,0.006304637,0.865771055,0.004992513,0.068467215,,,,,
What's your favorite way to embrace imperfection and find beauty in it?,0.023047483,0.029821582,0.006294813,0.097009979,0.762747526,0.008005994,0.07307259,,,,,
Isn't it amazing how a good friend can make a regular day extraordinary?,0.005810024,0.002699573,0.002875149,0.006029914,0.013212876,0.00138403,0.967988431,,,,,
What's your personal anthem that lifts your spirits during challenging times?,0.006805638,0.004253404,0.012440716,0.14091365,0.748122394,0.005566019,0.081898227,,,,,
Why do you think we find inspiration in the power of a shared vision?,0.026206862,0.007728491,0.006974111,0.004412596,0.714701116,0.003264447,0.236712337,,,,,
What's your favorite way to express gratitude for the beauty in everyday moments?,0.032263014,0.00783496,0.001893944,0.142548889,0.65335989,0.003839589,0.158259779,,,,,
Ever notice how a well-timed hug can speak volumes without words?,0.01638733,0.013968943,0.004445034,0.010895387,0.09555991,0.004948544,0.853794873,,,,,
Life's a dance; what's one move you've mastered that brings you joy?,0.00433806,0.002143585,0.000519451,0.92004168,0.056393661,0.003690346,0.012873322,,,,,
What's your go-to method for turning a setback into a stepping stone?,0.021084877,0.007963717,0.023425501,0.004285051,0.853127062,0.004658777,0.085455,,,,,
Why do you think we find comfort in the routine of familiar places?,0.008334181,0.010672101,0.006928096,0.010190871,0.879842818,0.0043925,0.079639398,,,,,
What's your favorite way to encourage yourself or others during difficult times?,0.017854672,0.014309308,0.028128276,0.038787436,0.8218081,0.009477857,0.069634393,,,,,
What's your personal recipe for turning a bad mood into a good one?,0.018553713,0.007983719,0.008366211,0.013295441,0.885539472,0.007806489,0.058454987,,,,,
What's your favorite way to practice self-compassion on challenging days?,0.021833388,0.010895911,0.004225166,0.038674682,0.858415842,0.004814886,0.06114009,,,,,
Why is it that we often find inspiration in the resilience of others?,0.018978221,0.007429972,0.005951795,0.005312447,0.581149399,0.003984651,0.37719357,,,,,
Why do you think we sometimes hesitate to acknowledge the progress we've made?,0.004818731,0.003308971,0.927232563,0.001499568,0.046073783,0.00339922,0.013667168,,,,,
Why do you think we often find inspiration in the simplicity of a cup of tea?,0.015991341,0.008536749,0.004580998,0.00450172,0.717016339,0.002801777,0.246571019,,,,,
What's your favorite way to unwind after a long day and recharge for tomorrow?,0.006652947,0.007658645,0.003057253,0.059008658,0.865808725,0.021077869,0.036735892,,,,,
Life's a canvas; what colors would you use to paint the emotions of your day?,0.023301193,0.023489425,0.021266501,0.003223385,0.87402457,0.007805401,0.046889558,,,,,
Ever notice how a simple act of kindness can create a chain reaction of positivity?,0.038611077,0.019639986,0.005031009,0.04028739,0.291131884,0.002439694,0.602858901,,,,,
What's your go-to method for finding inspiration when you're feeling stuck?,0.113267288,0.069939792,0.082198881,0.001587245,0.342406094,0.349062353,0.041538324,,,,,
Why do you think we often remember the smallest details of meaningful moments?,0.019172311,0.015288364,0.005325257,0.00183868,0.5734905,0.004013284,0.380871654,,,,,
What's your favorite way to celebrate the achievements of women who inspire you?,0.032747813,0.01599092,0.003374323,0.073716655,0.755200207,0.003565656,0.11540442,,,,,
Life's an adventure; what's one thing on your bucket list you're determined to check off?,0.007598726,0.002300707,0.004792945,0.029200884,0.889814138,0.004553226,0.061739396,,,,,
Have you ever had a moment when a setback turned out to be a blessing in disguise?,0.018646302,0.019977745,0.187921941,0.026187062,0.288982868,0.023334721,0.434949398,,,,,
"Why is it that we often find solace in the company of animals, whether pets or wildlife?",0.018359091,0.1478367,0.002712786,0.173654824,0.620194793,0.024141012,0.013100796,,,,,
What's your personal anthem that motivates you to face challenges head-on?,0.020177279,0.011013943,0.039497606,0.013697174,0.871462464,0.010034858,0.034116637,,,,,
What's your favorite way to create a positive and uplifting environment around you?,0.020369504,0.012094923,0.004350633,0.148636416,0.699914694,0.004585912,0.110047929,,,,,
Isn't it amazing how a change of perspective can turn obstacles into opportunities?,0.007358839,0.005301266,0.003138686,0.005322498,0.016216094,0.001590669,0.961071968,,,,,
Why do you think we often underestimate the impact of a genuine compliment?,0.032185473,0.014456282,0.008100862,0.002190142,0.471258819,0.005012361,0.46679607,,,,,
"What's your go-to method for finding joy in the small, everyday moments?",0.015859867,0.004600468,0.006880751,0.316576213,0.568625152,0.01255266,0.074904948,,,,,
Life's a journey; what's one lesson you've learned from a challenging experience?,0.007287429,0.00333677,0.011536415,0.031818971,0.801017404,0.003614302,0.141388699,,,,,
Ever notice how a well-chosen book can transport you to a different time or place?,0.011827839,0.0074051,0.003031113,0.012251244,0.106879264,0.003420415,0.855184972,,,,,
"What's your favorite way to practice gratitude, especially on challenging days?",0.021550346,0.009277677,0.002008107,0.02840554,0.878872633,0.002755328,0.057130344,,,,,
Why do you think we find comfort in the wisdom shared by women who came before us?,0.008754329,0.01716698,0.005174449,0.009263709,0.917592824,0.005449859,0.036597945,,,,,
What's your personal recipe for a perfect self-care day that rejuvenates your soul?,0.014457314,0.003271932,0.00836337,0.019303612,0.83693552,0.005531462,0.112136729,,,,,
Have you ever had a conversation that left you feeling empowered and inspired?,0.004258409,0.006335137,0.003749643,0.923131108,0.046891328,0.001587677,0.014046835,,,,,
What's your go-to method for embracing change and adapting to new circumstances?,0.017422561,0.006210483,0.017174141,0.003689375,0.889298499,0.003807937,0.062396917,,,,,
Life's like a symphony; what's the soundtrack that represents your current chapter?,0.00723775,0.012642396,0.007513151,0.011942282,0.771692514,0.012372711,0.17659916,,,,,
Why is it that we often remember the feelings associated with certain songs more than the lyrics?,0.018139739,0.026919518,0.00677985,0.001864672,0.687104464,0.005943807,0.253247947,,,,,
"What's your favorite way to express your creativity, whether through art, writing, or another medium?",0.02086075,0.014275451,0.005156606,0.035300292,0.794405401,0.004744251,0.125257343,,,,,
"What's a piece of advice you'd give to your younger self, knowing what you know now?",0.041213639,0.034470629,0.009040624,0.008115046,0.324463308,0.007981381,0.574715376,,,,,
Ever had a day when a random act of kindness from a stranger made a lasting impact?,0.008651696,0.012726839,0.006479481,0.058765721,0.556229949,0.002691574,0.354454726,,,,,
Why do you think we find inspiration in the stories of women who break barriers?,0.018988777,0.007192614,0.009325673,0.006603763,0.755403042,0.003179355,0.199306741,,,,,
What's your go-to method for cultivating a positive mindset in challenging situations?,0.015780769,0.005792692,0.011099917,0.006328102,0.895640254,0.002617588,0.062740624,,,,,
What's your favorite way to connect with and support other women in your community?,0.024618842,0.021227667,0.006063441,0.113712184,0.716869533,0.005870503,0.111637883,,,,,
Life's an ever-evolving story; what's the plot twist you're excited to experience next?,0.011982208,0.003022483,0.01347456,0.066760182,0.741478026,0.003587982,0.159694523,,,,,
What's your personal mantra for staying resilient and bouncing back from setbacks?,0.016318323,0.004542477,0.028644117,0.006824709,0.895310402,0.004260373,0.044099599,,,,,
Why do you think we often find comfort in the routine of our favorite self-care rituals?,0.007572617,0.007279793,0.004164614,0.010522434,0.89856118,0.004954077,0.066945225,,,,,
What's your go-to method for turning a moment of self-doubt into an opportunity for growth?,0.013815518,0.009034618,0.202281341,0.007971349,0.694535553,0.00724864,0.065113015,,,,,
Have you ever experienced a moment when a book or movie taught you a valuable life lesson?,0.013564901,0.043880943,0.061200432,0.322079599,0.172085971,0.004551912,0.382636309,,,,,
What's your favorite way to celebrate the diversity of experiences and perspectives?,0.025712598,0.012379844,0.003735283,0.099555165,0.714150488,0.003999682,0.140466988,,,,,
Why is it that we often remember the laughter shared with friends more than the words spoken?,0.014846141,0.010085547,0.002559451,0.017298007,0.539486766,0.003217474,0.41250661,,,,,
What's your go-to method for finding balance in a world that sometimes feels overwhelming?,0.00735165,0.009131115,0.248600796,0.001714183,0.019113233,0.007155781,0.7069332,,,,,
What's your personal anthem for embracing your authentic self and embracing your uniqueness?,0.011626365,0.006274804,0.017618809,0.013126797,0.90964967,0.00550898,0.03619457,,,,,
Life's too short for regrets; what's something you're excited to pursue without hesitation?,0.007418269,0.004270395,0.919597805,0.001988003,0.05277561,0.009123383,0.004826591,,,,,
Ever notice how a simple walk in nature can clear your mind and lift your spirits?,0.012019248,0.011169164,0.009595369,0.18870385,0.527658045,0.006868933,0.243985444,,,,,
Why do you think we find strength in the support and camaraderie of other women?,0.022748156,0.020724835,0.002807685,0.012020105,0.840751886,0.003206757,0.09774062,,,,,
What's your favorite way to express gratitude for the mentors who have guided you?,0.040293645,0.012065682,0.001824042,0.211542562,0.543711483,0.007988714,0.182573929,,,,,
What's your go-to method for turning a challenging day into a day of triumph?,0.016118065,0.003003265,0.010878406,0.01885429,0.807031155,0.002887295,0.141227558,,,,,
Life's a dance; what's your signature move that reflects your inner joy?,0.008899882,0.00276714,0.001868673,0.506337285,0.370129853,0.008320811,0.10167633,,,,,
What's your personal recipe for turning a day around when things aren't going as planned?,0.026394729,0.017565185,0.017649207,0.003341203,0.781418324,0.052198507,0.101432845,,,,,
Why do you think we often find inspiration in the resilience of everyday women?,0.016506724,0.006600849,0.009011627,0.002859283,0.783127487,0.003140657,0.178753406,,,,,
What's your favorite way to infuse positivity into your daily interactions?,0.023505241,0.012755436,0.003412913,0.042898905,0.813145459,0.003942538,0.100339517,,,,,
Have you ever experienced a moment when a simple gesture of kindness made a big difference?,0.014720746,0.023939254,0.027628282,0.189591259,0.22969529,0.002943331,0.511481822,,,,,
What's your go-to method for finding clarity and calm during moments of chaos?,0.044373203,0.008462927,0.27857694,0.004973625,0.610166967,0.016498862,0.036947481,,,,,
Life's a tapestry of relationships; what's a lesson you've learned from a meaningful connection?,0.006320075,0.005620339,0.006788752,0.113908947,0.605937362,0.00722415,0.254200488,,,,,
What's your favorite way to support and uplift the women in your life?,0.023629285,0.02994737,0.004997986,0.117403448,0.752762854,0.008290351,0.062968642,,,,,
Why is it that we often find comfort in revisiting familiar places or activities?,0.00468334,0.013625265,0.004788211,0.244162023,0.701479495,0.012747174,0.018514493,,,,,
What's your go-to method for embracing change and navigating the unknown?,0.015591611,0.005736074,0.044716291,0.005968736,0.853437006,0.004603789,0.069946431,,,,,
What's your personal anthem that pumps you up and boosts your confidence?,0.011285735,0.005703882,0.012695878,0.100507155,0.781167805,0.003330912,0.085308626,,,,,
Ever had a day when a piece of advice or insight from a friend changed your perspective?,0.010512698,0.017035238,0.009070072,0.011021076,0.187114403,0.003290624,0.761955857,,,,,
What's your favorite way to celebrate the small victories that add up to big achievements?,0.036790468,0.015383436,0.002618789,0.087563574,0.753789544,0.004045544,0.099808715,,,,,
Life's a journey; what's one destination you're excited to explore in the future?,0.007190177,0.002194352,0.004222413,0.075455114,0.762667835,0.007756658,0.14051342,,,,,
Why do you think we often remember the moments of joy and laughter more vividly than others?,0.010872676,0.005223622,0.005525487,0.016110564,0.754771948,0.003866649,0.203629091,,,,,
What's your go-to method for turning a setback into a stepping stone toward success?,0.017874684,0.006611543,0.027370986,0.006013234,0.863331437,0.004659034,0.074139111,,,,,
What's your personal mantra for staying grounded and centered in a fast-paced world?,0.018816989,0.003523113,0.018832047,0.005642984,0.860325575,0.005323371,0.087535895,,,,,
Have you ever had a moment when a book or movie perfectly captured your own experiences?,0.011634386,0.017432548,0.010952602,0.059128955,0.448123217,0.004010563,0.448717773,,,,,
Why do you think we find solace in the simple pleasure of a quiet moment alone?,0.009513123,0.016581383,0.005203183,0.162784979,0.69776386,0.089342475,0.018810952,,,,,
What's your favorite way to express creativity in your daily life?,0.027006684,0.011365577,0.006685599,0.040211234,0.697772145,0.00461272,0.212346032,,,,,
What's your go-to method for turning a negative thought into a positive affirmation?,0.018040739,0.008792504,0.007379038,0.003527127,0.8861081,0.003195067,0.072957523,,,,,
Life's a dance; what's one move you've mastered that reflects your inner strength?,0.010587163,0.009100974,0.006171331,0.006350229,0.905394554,0.003588417,0.058807388,,,,,
Why is it that we often find inspiration in the stories of women who overcome adversity?,0.014745591,0.016142311,0.065654814,0.010569412,0.424115002,0.017874682,0.45089817,,,,,
What's your favorite way to celebrate the beauty of diversity in your community?,0.021979002,0.011560902,0.003561749,0.138893783,0.712331831,0.003544295,0.108128391,,,,,
What's your go-to method for finding inspiration when faced with a creative block?,0.028459363,0.006435897,0.155024514,0.009118292,0.639679611,0.011054211,0.150228113,,,,,
What's your personal anthem for overcoming challenges and setbacks?,0.006877974,0.004288241,0.026786597,0.019349944,0.886709034,0.013180261,0.042807944,,,,,
Ever notice how a well-timed quote or saying can provide comfort and guidance?,0.010110612,0.02150926,0.005635153,0.075489558,0.586986184,0.008559115,0.291710109,,,,,
Why do you think we find strength in sharing our vulnerabilities and struggles?,0.011455578,0.008688488,0.013234744,0.003655281,0.913838983,0.005570656,0.043556277,,,,,
What's your favorite way to connect with the natural world and find inner peace?,0.016130039,0.011966931,0.004851742,0.083845705,0.801261663,0.009410152,0.072533727,,,,,
What's your go-to method for turning fear into fuel for personal and professional growth?,0.006049267,0.001965313,0.947332799,0.002534888,0.034071557,0.002518261,0.005528004,,,,,
What's your personal mantra for finding joy in the present moment?,0.014672396,0.005107011,0.005936588,0.411549717,0.497568876,0.012451176,0.052714195,,,,,
What's your favorite way to unwind and relax after a hectic day?,0.008091347,0.009395078,0.003681199,0.118547142,0.788929462,0.039554361,0.031801406,,,,,
Life's like a puzzle; what's one piece you're currently exploring in your journey?,0.009778301,0.002860253,0.016420251,0.005478723,0.854387522,0.003913285,0.107161649,,,,,
Ever feel like a change in perspective can open up new possibilities?,0.01379835,0.016795158,0.104798123,0.192141369,0.502558172,0.008750363,0.161158428,,,,,
What's your go-to method for finding inspiration when working on a creative project?,0.0209474,0.00654429,0.02793715,0.009769449,0.765081704,0.003495484,0.16622445,,,,,
Why do we find comfort in revisiting cherished memories through photographs?,0.007304282,0.018565768,0.007669342,0.289176434,0.57506603,0.091698505,0.010519701,,,,,
What's your personal anthem for facing challenges and remaining resilient?,0.008590746,0.003640597,0.030850278,0.011841669,0.910853267,0.004385201,0.029838238,,,,,
Have you ever had a moment when a small act of kindness made a significant impact?,0.016314212,0.028704943,0.010589934,0.146637067,0.546880722,0.003544081,0.247328982,,,,,
Life's an adventure; what's one skill you're passionate about developing further?,0.006787324,0.001918972,0.007160327,0.045863722,0.765629649,0.004948779,0.167691261,,,,,
Why is it that we often remember the scent of a favorite flower from our past?,0.018150678,0.087196581,0.00607445,0.006421749,0.784536719,0.003302621,0.094317123,,,,,
Ever notice how a well-organized space can contribute to a sense of calm and focus?,0.012478537,0.010729103,0.005822822,0.042687297,0.752124131,0.005193429,0.170964748,,,,,
What's your go-to comfort food that brings a sense of warmth and nostalgia?,0.005173101,0.005094356,0.003175385,0.056323607,0.876667142,0.009124773,0.044441499,,,,,
Life's a puzzle; what's one piece you're excited to explore in the near future?,0.008432874,0.001968936,0.007041083,0.032283504,0.827868462,0.005256526,0.117148586,,,,,
Why do we find inspiration in the stories of individuals who overcome adversity?,0.016035702,0.011279074,0.046531539,0.012693788,0.77757138,0.013222035,0.122666508,,,,,
What's your personal mantra for maintaining a positive outlook in challenging situations?,0.015079135,0.006807454,0.010111823,0.007445684,0.929931998,0.003077062,0.027546855,,,,,
"What's your favorite way to celebrate personal victories, big or small?",0.037522443,0.016947508,0.003366804,0.098820008,0.723217547,0.00448066,0.115644999,,,,,
Have you ever experienced a moment when a seemingly small decision had significant consequences?,0.016467568,0.018784083,0.114792727,0.00908002,0.065101586,0.004253361,0.771520615,,,,,
Life's like a song; what's the soundtrack to your current chapter?,0.009103402,0.008687326,0.006072271,0.007779148,0.842346251,0.010800025,0.115211613,,,,,
Why is it that we often remember the lessons learned from mistakes more than successes?,0.021273205,0.021193685,0.003653161,0.00165818,0.771010995,0.006573545,0.174637198,,,,,
Ever notice how a well-chosen quote or saying can provide guidance during tough times?,0.009349981,0.006785718,0.00800924,0.022363532,0.366342574,0.005187906,0.581961036,,,,,
What's your favorite way to unwind and relax after a demanding day?,0.01035429,0.01141781,0.003479548,0.065888785,0.861564159,0.017408587,0.029886868,,,,,
Life's an ongoing project; what's one aspect of personal growth you're currently focused on?,0.008084347,0.005480544,0.011682477,0.010915477,0.911652684,0.016960882,0.035223603,,,,,
Why do we find comfort in the routines of our favorite activities?,0.006746692,0.010678777,0.00199605,0.024750229,0.93732971,0.005697986,0.012800578,,,,,
What's your personal anthem for facing challenges head-on and emerging stronger?,0.009724143,0.005498056,0.028002558,0.008129889,0.914952934,0.00653351,0.027159018,,,,,
What's your go-to method for turning setbacks into opportunities for growth?,0.014611113,0.004634768,0.012435688,0.004865373,0.883206904,0.003502529,0.076743618,,,,,
Life's a dance; what's one move that reflects your unique personality?,0.007940746,0.006240221,0.006330785,0.00546768,0.867302716,0.00265947,0.104058355,,,,,
Have you ever had a conversation that left a lasting impact on your perspective?,0.008048764,0.015157597,0.007154266,0.02343452,0.730838656,0.005518883,0.209847271,,,,,
What's your favorite way to connect with nature and find inner peace?,0.017550617,0.011407337,0.005366408,0.074294329,0.807079792,0.009462932,0.074838646,,,,,
Why is it that we often remember the emotions associated with certain songs more than the lyrics?,0.020158678,0.021699363,0.006949392,0.001676003,0.658754468,0.005663045,0.285099059,,,,,
Life's an adventure; what's one lesson you've learned from exploring the unknown?,0.005867986,0.004285215,0.017070234,0.047287308,0.824440658,0.005966757,0.095081836,,,,,
Why do we find strength in the support and camaraderie of friends?,0.014118336,0.00821629,0.0026343,0.010968287,0.922944546,0.003357034,0.037761141,,,,,
Ever feel like a well-organized space can contribute to a sense of calm and focus?,0.00917291,0.009817027,0.004552467,0.511294425,0.45208025,0.00400449,0.009078398,,,,,
What's your go-to method for staying motivated when pursuing long-term goals?,0.019636242,0.005140522,0.014977143,0.004539452,0.888651609,0.003892933,0.063162148,,,,,
Life's like a rollercoaster; what's one thrill you're eager to experience again?,0.012980655,0.002590782,0.057478871,0.071584918,0.415437907,0.009729827,0.43019706,,,,,
Why is it that we often remember moments of laughter more vividly than others?,0.010098846,0.008312881,0.005977027,0.007716045,0.780548096,0.002866034,0.184481144,,,,,
What's your personal anthem for embracing vulnerability and authenticity?,0.009446315,0.008535031,0.105853461,0.01875126,0.820955098,0.005488764,0.030970052,,,,,
What's your favorite way to practice self-care during busy and stressful times?,0.03340229,0.007822496,0.020355295,0.043252915,0.781632483,0.009663209,0.103871316,,,,,
Have you ever had a moment when a small gesture of kindness made a significant impact?,0.015751883,0.026104907,0.011001648,0.169290289,0.511121631,0.003563432,0.263166189,,,,,
Life's a journey; what's one destination you dream of exploring?,0.007028762,0.002627453,0.021547792,0.012054677,0.769249678,0.00768424,0.179807365,,,,,
"Why do we find solace in revisiting familiar places, even if just in our memories?",0.007125314,0.016192371,0.007821575,0.147338554,0.726593196,0.083592504,0.011336487,,,,,
What's your go-to method for finding clarity during moments of confusion?,0.018136382,0.009836825,0.274624646,0.003633995,0.640301704,0.01353679,0.03992961,,,,,
What's your favorite way to celebrate personal growth and self-improvement?,0.033123102,0.015520611,0.003498424,0.167252272,0.643909335,0.004685243,0.132010952,,,,,
Ever feel like a well-crafted movie or book can transport you to another world?,0.009340602,0.010809083,0.005449369,0.678469658,0.2389642,0.002875676,0.054091435,,,,,
What's your go-to comfort food that instantly lifts your spirits?,0.007361382,0.004511518,0.006235985,0.252622813,0.63364774,0.003455947,0.092164613,,,,,
Life's a puzzle; what's one challenge you're determined to solve?,0.019946305,0.004085076,0.026048051,0.003627935,0.882561147,0.008385122,0.055346433,,,,,
Why is it that we often remember the emotions associated with pivotal moments in our lives?,0.017422775,0.010492631,0.010283391,0.001660649,0.671988368,0.004078502,0.284073651,,,,,
"What's your favorite way to express creativity, whether through art, writing, or another medium?",0.019633934,0.013703899,0.004973477,0.035869308,0.795401573,0.00414098,0.12627691,,,,,
Ever notice how a well-timed quote or saying can provide guidance in difficult times?,0.010902523,0.005958016,0.005049825,0.0123816,0.228738531,0.003572468,0.733397067,,,,,
What's your go-to method for turning a setback into a learning opportunity?,0.017626327,0.006264877,0.021863306,0.005358708,0.825636387,0.004308467,0.118941836,,,,,
Life's a dance; what's one move that reflects your personality?,0.009225781,0.01136189,0.0077165,0.004198409,0.899104655,0.003895701,0.064496994,,,,,
What's your go-to method for practicing self-care during busy times?,0.020442974,0.007911679,0.021961214,0.00413821,0.867641628,0.009188703,0.068715572,,,,,
Life's like a puzzle; what's one piece you've recently discovered about yourself?,0.009620068,0.002800048,0.008882763,0.010335146,0.738093674,0.00327463,0.226993605,,,,,
Ever notice how a change in perspective can bring about positive transformation?,0.014835385,0.005656058,0.005761555,0.01416084,0.191500515,0.002904205,0.765181482,,,,,
What's your favorite way to find inspiration when working on a creative project?,0.02682011,0.013546094,0.007934256,0.071552537,0.698710799,0.004120432,0.177315772,,,,,
Why do we find comfort in revisiting the places that hold special memories?,0.005024349,0.017589569,0.010480635,0.049545735,0.845940828,0.056874335,0.01454467,,,,,
What's your personal anthem for facing challenges and staying resilient?,0.009159764,0.003347364,0.032318532,0.010493417,0.904020429,0.004355932,0.036304574,,,,,
Have you ever experienced a moment when a small act of kindness made a significant impact?,0.014849413,0.030846572,0.027129561,0.213848233,0.310835272,0.003537674,0.398953319,,,,,
Life's an adventure; what's one skill you're eager to develop further?,0.005667311,0.001695222,0.006329257,0.04858334,0.827391744,0.005522392,0.104810707,,,,,
Why is it that we often remember the scent of a favorite flower from childhood?,0.018815296,0.100101516,0.007583017,0.009067871,0.746997237,0.00305886,0.114376217,,,,,
"What's your favorite way to express creativity, whether it's through art or writing?",0.019227726,0.013450369,0.004320791,0.041260529,0.801431775,0.00393955,0.116369314,,,,,
What's your go-to comfort food that brings a sense of nostalgia and warmth?,0.004991156,0.005184235,0.003332729,0.065286331,0.864041626,0.011163975,0.045999952,,,,,
Life's a puzzle; what's one piece you're excited to explore in the coming months?,0.008421105,0.001858915,0.007470846,0.034417957,0.822436035,0.005136594,0.120258562,,,,,
Why do we find inspiration in the stories of individuals who overcome challenges?,0.01837796,0.006837183,0.010781764,0.009753573,0.80178237,0.004047961,0.148419112,,,,,
What's your personal mantra for maintaining a positive outlook in tough situations?,0.014631893,0.008207342,0.012878289,0.006905793,0.930178285,0.003926874,0.023271486,,,,,
"What's your favorite way to celebrate personal victories, regardless of their size?",0.032336563,0.019791761,0.002410249,0.084997155,0.786980331,0.004245047,0.069238916,,,,,
Have you ever had a moment when a seemingly small decision had a big impact?,0.013374205,0.013300599,0.026422378,0.021039169,0.172167808,0.003017104,0.750678718,,,,,
What's your go-to method for finding joy in the small moments of everyday life?,0.014712501,0.004753512,0.008324529,0.231575221,0.657581925,0.010721014,0.072331317,,,,,
Ever notice how a well-chosen quote or saying can provide guidance during difficult times?,0.008546175,0.006235623,0.007022125,0.020373762,0.347733557,0.004718682,0.605370164,,,,,
Life's an ongoing project; what's one aspect of personal growth you're currently focusing on?,0.008392853,0.005729411,0.012985005,0.013204812,0.901939929,0.019885235,0.037862714,,,,,
What's your personal anthem for facing challenges head-on and emerging victorious?,0.011757993,0.004846372,0.014838478,0.018897049,0.913205802,0.004829031,0.031625237,,,,,
