Age,Dialogue
20.0,"Can we have a day where responsibilities don't exist, and it's all about fun?"
11.0,Joining a sports team at school. Looking forward to the upcoming games!
49.0,Have you tried practicing yoga? It's excellent for relaxation.
54.0,Reflecting on the importance of work-life balance.
95.0,Have you explored technological advancements for seniors? Any favorites?
16.0,Getting involved in school leadership roles. Leadership skills in action!
98.0,Attending a photography class. Capturing memories is important at any age.
70.0,Thinking of starting a fitness program for seniors. Staying active is crucial.
85.0,Considering a legacy project. Any ideas for leaving a lasting impact?
49.0,Attending workshops on personal development and self-discovery.
65.0,Considering adopting a pet for companionship. Any advice for senior pet owners?
15.0,Preparing for final exams and balancing study sessions with relaxation.
46.0,Considering adopting a healthier diet. Any nutritious recipes?
13.0,Starting a podcast to share insights and experiences with a wider audience.
2.0,Playing with building blocks. I made a tall tower!
25.0,Working on a creative project. Passion and creativity go hand in hand.
74.0,Attended a seminar on senior financial planning and estate matters.
45.0,Have you attended any interesting workshops lately? I'm thinking of joining one.
36.0,I'm taking a photography class. Any advice for a beginner?
34.0,Attended a professional conference to stay updated in the industry.
50.0,Exploring a new cuisine and trying out international recipes.
6.0,Can we have a pizza party and invite all the animals from the zoo?
68.0,Planning a nostalgic journey to revisit places from the past.
24.0,Attended a music festival and danced the night away.
68.0,Exploring local cultural events. Any upcoming festivals you recommend?
71.0,"Embarking on artistic pursuits, finding new passions in later years."
90.0,Thinking of starting a fitness program for seniors. Staying active is crucial.
4.0,Planting a small vegetable garden. Watching carrots grow is exciting!
72.0,Participating in community gardening projects for a sense of purpose.
3.0,"If I had a spaceship, I'd go to the moon and bring back moon rocks."
27.0,Reflecting on career achievements and setting ambitious goals.
21.0,I wish I could delegate my responsibilities to my pet. They seem to have life figured out.
36.0,Thinking about starting a book club. Interested in joining?
54.0,Attended a seminar on financial planning for the retirement years.
16.0,Participating in a school art exhibition. Expressing creativity through art!
20.0,"Can we have a day where everyone shares their most embarrassing, funny stories?"
76.0,Volunteering for community projects to contribute to the well-being of others.
56.0,Starting a blog to share travel experiences and tips.
78.0,Planning a family gathering to celebrate the beauty of familial bonds.
15.0,Can we have a day where the floor is made of trampolines? Bouncing everywhere!
42.0,Planning a family picnic. Any favorite picnic foods?
59.0,Planning a visit to a science museum. Science has always intrigued me.
27.0,Reflecting on career goals and setting milestones for the future.
46.0,Volunteering for environmental conservation projects. Earth matters!
14.0,Participating in a dance competition. Choreography
53.0,Reflecting on the changes in technology over the years. It's fascinating.
6.0,Going on a family bike ride. Wind in my hair and laughter all around!
37.0,I've been watching a lot of documentaries lately. They're so informative.
13.0,Getting involved in a coding competition. Challenges are opportunities!
7.0,I asked my goldfish if it knows any fish jokes. It didn't say anything.
78.0,Attending a theater performance. Live performances have a unique charm.
29.0,"If I could talk to plants, I'd apologize for the times I forgot to water them."
26.0,Participating in a local art exhibition. Expressing creativity visually.
45.0,Reflecting on the achievements of the past decade and setting new goals.
6.0,Attended my first school play. It was so much fun being on stage!
45.0,Planning a road trip with friends to explore different cities.
45.0,Considering a career transition for renewed passion.
72.0,Considering a senior writing workshop. Any writing tips for seniors?
39.0,Attending a technology conference to stay updated on industry trends.
22.0,Starting a fitness challenge for personal health goals.
42.0,Celebrating children's milestones and supporting their dreams.
7.0,"If I had a magic carpet, I'd explore the world from the sky."
51.0,Planning a road trip with friends. Any scenic routes you'd suggest?
38.0,Have you tried the new restaurant downtown? The food is amazing!
29.0,I want a day where decision-making is as easy as choosing a Netflix show.
42.0,Exploring local cultural festivals. Any favorite festivals you've attended?
32.0,Starting a podcast to share insights and experiences.
10.0,I asked my mirror if it ever gets tired of reflecting me. It stayed silent.
4.0,I want to be an astronaut and explore the galaxy with my teddy bear.
24.0,"If I had a time machine, I'd go back and tell my younger self to invest in Bitcoin."
78.0,Planning a nature retreat to appreciate the beauty of the outdoors.
53.0,Joining a sports league for fun and fitness.
90.0,Planning a special celebration for the upcoming milestone birthday. Any suggestions?
80.0,Reflecting on the joy of being a great-grandparent. Great-grandkids bring immense joy.
34.0,I'm planning a weekend road trip. Any scenic routes you'd recommend?
45.0,Balancing career demands and family responsibilities.
30.0,I've been listening to a lot of podcasts lately. They're a great way to learn new things.
23.0,Experimenting with plant-based recipes. Health-conscious choices!
56.0,Volunteering for community initiatives to make a lasting impact.
11.0,Joining a robotics club to explore the exciting world of robotics.
34.0,Attended a cooking class to enhance culinary skills.
10.0,"Can we have a day where homework is illegal, and playtime is mandatory?"
20.0,I asked my mirror if I look like a real adult. It just reflected my confused expression.
23.0,"If adulting had a soundtrack, it would be a mix of coffee machine noises and keyboard clacks."
11.0,Experimenting with cooking and trying out new recipes at home.
12.0,Why don't we have a holiday for celebrating the joy of eating chocolate?
38.0,I'm exploring local art galleries. Do you have a favorite artist or art style?
9.0,I asked the wind if it could carry my wishes to the stars.
20.0,Can we have a day where the weather is determined by our mood? Sunny for happiness!
92.0,Considering lifelong learning opportunities for seniors. Any favorite subjects to study?
10.0,"What if clouds are made of cotton candy, and rain is just a sweet shower?"
5.0,"If I had a magic wand, I'd turn vegetables into ice cream."
42.0,Started a podcast to share insights and experiences.
92.0,Planning a visit to historical sites. Any historical places you recommend for seniors?
12.0,Why don't we have a holiday for celebrating the joy of eating pizza?
22.0,I told my younger sibling that being an adult means having to buy your own snacks. They gasped.
41.0,Thinking of organizing a neighborhood potluck. Any favorite potluck dishes?
88.0,Exploring local cultural events for seniors. Any upcoming festivals you recommend?
48.0,Considering a career transition. Have you changed careers before?
24.0,Attended a live comedy show. Laughter is the best medicine!
11.0,I wish I could speak every language. Imagine the conversations with people and animals!
54.0,Thinking about attending a writing workshop. Any writing tips?
69.0,Attending workshops on wellness and maintaining a healthy lifestyle.
13.0,"If I could talk to my future self, I'd ask for advice on navigating adulthood."
17.0,Reflecting on the challenges and achievements of the past school year.
65.0,Planning a visit to a senior science museum. Any interactive exhibits you recommend?
29.0,"If I could fast-forward to the weekend every day, that would be the dream."
6.0,Planting flowers in the garden. Watching them grow is magical!
52.0,Started a blog to share wisdom and life experiences.
8.0,I want to be a chef and create a pizza that tastes like rainbows.
79.0,Attending workshops on wellness and maintaining a healthy lifestyle.
47.0,Considering a digital detox. Any tips for disconnecting from technology?
60.0,Exploring a new cuisine and trying out international recipes.
19.0,Attending networking events to connect with professionals in my field.
51.0,Just started a fitness program for seniors. Staying active is crucial.
8.0,I wish bedtime stories were 100 pages long every night!
58.0,Planning a visit to an astronomy observatory. Space has always fascinated me.
2.0,Just learned to count to ten. Counting everything around me!
12.0,Started learning martial arts for self-discipline and physical fitness.
57.0,Planning a road trip with friends. Any scenic routes you'd suggest?
10.0,I wish I could turn into a bird and fly to school every morning.
10.0,"If I were invisible, I'd sneak into the cookie jar every night!"
55.0,Considering joining a dance class. Dancing is a joyful form of exercise.
4.0,"Learning to tie my shoes. It's a bit tricky, but I'll get it!"
3.0,Can I have a dinosaur-themed birthday party with real dinosaurs?
31.0,I started a new workout routine
5.0,"If I had a pet dragon, I'd teach it to breathe bubbles instead of fire."
76.0,Volunteering at a local library to promote literacy.
2.0,Just learned to say my ABCs. Singing them all day!
54.0,Volunteering at a local charity organization. Giving back to the community!
34.0,I'm considering learning a musical instrument. Any suggestions for a beginner?
25.0,Why don't we have a holiday for celebrating the joy of finding money in old jeans?
18.0,Planning a road trip with friends to explore different cities.
59.0,Have you tried any new restaurants lately? Any recommendations?
26.0,Volunteering for a local charity event. Giving back to the community!
38.0,Planning a weekend getaway to relax and recharge.
22.0,Started a podcast to discuss topics of interest. Voices and ideas unite.
30.0,Can we have a day where adulthood comes with a built-in 'skip to the good parts' feature?
38.0,Planning a reunion with college friends. Excited to reconnect!
39.0,Attending a live performance of a favorite band. Music brings joy!
54.0,Thinking about starting a blog. Any advice for beginner bloggers?
75.0,Have you tried any new hobbies recently? Any suggestions for seniors?
76.0,Exploring new technologies for personal enrichment and connection.
38.0,Have you ever tried meditation? I'm thinking of giving it a shot for stress relief.
23.0,"If I could talk to my future self, I'd ask if I ever figured out what I want to be when I grow up."
5.0,Having a picnic with my favorite snacks. Peanut butter and jelly sandwiches!
58.0,Starting a podcast to share insights and experiences.
50.0,Thinking of organizing a neighborhood gathering. Any fun ideas?
71.0,Embracing a healthy lifestyle for physical and mental well-being.
41.0,Thinking of starting a book club. Interested in joining?
19.0,Attending a technology conference to stay updated on industry trends.
54.0,Planning a beach vacation. Any beach destinations you enjoy?
68.0,Exploring different meditation techniques for seniors. Any recommendations?
37.0,I'm planning a hiking trip. Do you enjoy spending time
9.0,Can we have a holiday where the only rule is to eat ice cream all day?
75.0,Have you considered learning a new language for mental stimulation? Any languages you're interested in?
6.0,"If clouds were pillows, the sky would be the coziest bed ever."
78.0,Attending a family reunion. Family gatherings are priceless.
30.0,Can we have a day where adulting involves building pillow forts and watching cartoons?
16.0,Joining a community theater group. Excited to explore acting skills!
28.0,Planning a trip abroad to experience different cultures.
62.0,Considering volunteering at a local charity. Any causes you're passionate about?
46.0,Exploring a new hobby - painting. Creative expression on canvas!
59.0,Attending workshops on retirement planning and wellness.
30.0,I can't believe how fast this year is going by. Time really does fly.
57.0,Reflecting on the joy of being a grandparent. Grandkids bring so much joy.
15.0,Reflecting on personal goals and setting plans for self-improvement.
68.0,Exploring local farmers' markets for fresh produce. Any favorite local vendors?
29.0,Attending a live music concert. The energy of the crowd is invigorating!
29.0,Starting a blog to share experiences and insights.
12.0,I told my younger sibling that clouds are made of whipped cream. They believed me.
52.0,Reflecting on personal growth and setting goals for the future.
11.0,I wish I had a magic backpack that always has exactly what I need for the day.
26.0,I asked my phone for the meaning of life. It showed me cat videos. Close enough.
15.0,Preparing for a school talent show. Excited to showcase my talent!
20.0,I asked my refrigerator for cooking advice. It just gave me a cold stare.
43.0,Thinking of starting a blog about travel experiences. Any advice?
14.0,I told my computer a joke. It didn't laugh. Computers need a sense of humor.
33.0,Attending workshops on personal finance and investment strategies.
41.0,Exploring new hobbies for personal enrichment.
28.0,Planning a road trip with friends to explore scenic routes.
47.0,Planning a visit to a historical landmark. Any recommendations?
19.0,"If I could talk to plants, I'd ask them for gardening tips. They seem to know everything."
19.0,What if laughter was a form of currency? I'd be rich in giggles.
6.0,I want to be a superhero who saves cookies from the cookie jar!
9.0,Reading my favorite bedtime story before going to sleep.
9.0,Having a sleepover with friends. Pillow fights and bedtime stories!
57.0,Reflecting on life's journey and cherishing precious moments.
62.0,Thinking about taking up gardening. Any gardening tips for seniors?
8.0,Can I have a pet penguin? I promise to keep the igloo clean!
90.0,Thinking of starting a seniors' book club. Any book recommendations?
50.0,Thinking about adopting a pet. Any advice for a senior pet owner?
66.0,Volunteering for community projects to make a lasting impact.
29.0,Attending a professional conference to stay updated on industry trends.
75.0,Reflecting on the beauty of aging gracefully and with gratitude.
22.0,Started a blog to share travel experiences and tips.
9.0,Working on a drawing for my mom and dad. Hope they like it!
9.0,I wish I had a pet dragon that could fly me to school.
5.0,Why do rainbows have so many colors? Is there a rainbow school?
72.0,Planning a visit to historical sites. Any historical places you recommend?
35.0,Preparing for a career switch and considering new opportunities.
13.0,I wish I could download snacks instead of waiting for them to cook.
58.0,Planning a journey to revisit places that hold special memories.
28.0,Planning a weekend getaway with friends. Adventure awaits!
9.0,Having a sleepover with friends. Lots of giggles and snacks!
9.0,I wish I had a magical backpack that always has the snack I'm craving.
29.0,Attending networking events to expand professional connections.
43.0,Thinking about redecorating the home. Any interior design tips?
41.0,Embracing a holistic approach to health and well-being.
84.0,Just returned from a nostalgic journey to revisit places from the past. Such fond memories!
13.0,"If I had a pet robot, we'd create a dance routine and enter a talent show."
39.0,What's your favorite way to unwind after a long day?
48.0,Planning a family trip to celebrate a special occasion.
35.0,Working on a creative writing project. Words flow like a river.
24.0,Attended a film festival and discovered hidden gems.
59.0,Thinking of organizing a family picnic. Any favorite picnic spots?
55.0,Balancing retirement plans and pursuing lifelong passions.
12.0,Starting a blog to share thoughts and connect with a wider audience.
14.0,I wish homework could be done by magic spells. Wingardium Leviosa my math!
59.0,Exploring different meditation techniques. Any recommendations?
57.0,Considering going back to school for a new skill. Ever thought about it?
6.0,Having a tea party with my stuffed animals. They're great guests!
45.0,Have you ever taken a cooking class? It's a fun way to learn new skills.
14.0,"If I were a scientist, I'd invent a device to translate baby talk into understandable words."
60.0,Participating in community gardening projects for a sense of purpose.
26.0,I want a day where adulting includes mandatory playtime and unlimited ice cream.
2.0,Just had my first ice cream cone. It was messy but delicious!
95.0,Have you tried any new hobbies recently? Any suggestions for seniors?
49.0,Attending a workshop on mindfulness and stress reduction.
24.0,Attended a mindfulness retreat for inner peace and balance.
55.0,Considering a weekend retreat. Have you been on one before?
60.0,Reflecting on the joy of being a grandparent. Grandkids bring immense joy.
41.0,Thinking of organizing a charity event. Any causes you're passionate about?
7.0,I told my toy car a secret. Now it zooms faster. Secrets are magical!
30.0,Can we have a day where the only bills are chocolate wrappers from indulgent desserts?
7.0,Got a new puppy. Training and
17.0,Exploring graphic design as a creative outlet. Designing my first logo!
49.0,I've been practicing mindfulness in daily activities. It helps maintain focus.
22.0,Exploring new workout routines for holistic well-being.
54.0,Attending a local wine tasting event. Do you enjoy trying new wines?
3.0,Visited the museum and saw dinosaurs. They're enormous!
30.0,I'm thinking of redecorating my living room. Any suggestions for a color scheme?
10.0,"I wish birthdays came every day, with cake and presents each time!"
23.0,Exploring a new fitness challenge for a healthy lifestyle.
60.0,Reflecting on the joy of being a grandparent. Grandkids bring so much happiness.
4.0,Excited about my first day of kindergarten. Made some new friends!
54.0,Attended a gourmet wine-tasting event. Savoring the finer things in life!
15.0,I want to be an inventor and create a robot that does homework for everyone.
43.0,Thinking of starting a YouTube channel. Any advice for beginners?
22.0,I told my friend that adulting is just making it up as we go. They nodded in agreement.
49.0,Reflecting on life's journey. Time truly does fly.
34.0,I attended a virtual conference last week. It's amazing how technology has changed things.
76.0,Joining a seniors' travel group for adventures around the globe.
42.0,Exploring local farmers' markets. Any favorite fresh produce?
42.0,Planning a weekend camping trip. Any favorite camping spots?
11.0,I wish I could communicate with animals. They probably have the best stories.
12.0,Started a new hobby - learning to play the guitar. It's challenging but fun!
14.0,Attended a music festival and discovered new favorite artists!
37.0,I've been practicing mindfulness. It's amazing how it can improve your overall well-being.
71.0,Embracing the simplicity of life and finding joy in everyday moments.
55.0,Reflecting on a lifetime of experiences. Time truly flies.
64.0,Planning a road trip with friends. Any scenic routes you'd suggest for seniors?
4.0,"If I had a pet dragon, we'd have fire-breathing contests!"
20.0,I asked my fridge for dinner suggestions. It just hummed. I guess it's a mystery meal tonight.
10.0,Why isn't there a day where everyone gets to be a superhero?
69.0,Attending a live performance of a favorite classical ensemble.
1.0,Discovering the joy of blowing bubbles. They float away so gracefully!
22.0,I told my friend that adulting is like trying to fold a fitted sheet   it never looks right.
22.0,Started a new job today. Excited for the opportunities and learning ahead.
9.0,Creating art with playdough. Squishing and molding into fun shapes!
66.0,Joining a seniors' travel group for adventures around the globe.
4.0,Why does the sun go to sleep at night? Is it tired?
7.0,I wish I could talk to plants and ask them how they're feeling.
17.0,Exploring career shadowing opportunities to gain real-world insights.
85.0,Thinking about adopting a pet for companionship. Any advice for senior pet owners?
74.0,Attended a lecture series on history and heritage.
6.0,I want to be a magician and make broccoli disappear from my plate.
9.0,I want to invent shoes that let you bounce instead of walk.
47.0,Reflecting on personal relationships and nurturing meaningful connections.
58.0,Planning a beach vacation. Any beach destinations you enjoy?
58.0,Exploring different meditation techniques. Any recommendations?
82.0,Thinking about writing a memoir. Any advice for documenting a lifetime of memories?
18.0,"Planning a beach vacation with friends. Sun, sea, and relaxation!"
35.0,I've been watching a lot of documentaries lately. They're so informative.
52.0,Enjoying the achievements of adult children and supporting their endeavors.
11.0,Joining a language exchange program to learn a new language.
21.0,I wish I had a personal assistant who could adult for me on Mondays.
26.0,I asked my smartphone for life advice. It recommended a meme about adulting struggles.
55.0,Considering learning a new language. It's a great mental exercise.
8.0,Going on a family picnic. Delicious sandwiches and outdoor games!
88.0,Exploring local cultural events. Any upcoming festivals you recommend?
15.0,Why don't we have a holiday dedicated to building the world's biggest pillow fort?
54.0,Considering going back to school for a new skill. Ever thought about it?
13.0,What if our reflections have secret talents that only appear when we're not looking?
7.0,Got a new coloring book. Loving all the bright colors!
62.0,Delighting in the joys of grandchildren and the legacy of family.
16.0,I asked my phone when it will run out of battery. It didn't answer.
1.0,"Feeding ducks at the pond. Quack, quack!"
35.0,I'm thinking of adopting a pet. Any advice for a first-time pet owner?
9.0,Helping grandma bake cookies. The kitchen smells amazing!
9.0,Attending a family movie night with popcorn and blankets.
35.0,Attended a live theater performance. The magic of the stage!
27.0,Reflecting on personal values and making intentional life choices.
15.0,Practicing mindfulness and meditation for mental well-being.
3.0,I think birds are singing because they're telling jokes to the flowers.
70.0,Thinking of starting a book club for seniors. Any book recommendations?
27.0,Reflecting on personal relationships and fostering meaningful connections.
18.0,Planning a hiking trip with friends. Nature and adventure await!
11.0,Joining a community gardening project to promote sustainable practices.
14.0,Participated in a school debate. It was a great intellectual challenge!
31.0,Starting a blog to share travel experiences and tips.
32.0,I've been experimenting with new recipes. Last night's dinner was a hit!
49.0,Attending a classical music concert. Appreciating the finer arts!
23.0,Exploring a new hobby – photography. Capturing moments in time.
56.0,Considering going back to school for a new skill. Ever thought about it?
48.0,Planning a milestone birthday celebration with loved ones.
48.0,Exploring the world of virtual reality. Have you tried VR experiences?
62.0,I'm thinking of starting a blog about senior living. Any blogging tips?
84.0,Just returned from a senior cruise. Cruises are a delightful experience.
23.0,"If adulting were a game, I'd be stuck on the tutorial level forever."
72.0,Considering going back to school for lifelong learning. Ever thought about it?
58.0,Have you tried any new technology gadgets recently? Any favorites?
20.0,I wish my metabolism worked as fast as my phone battery drains.
38.0,Planning a family vacation to create lasting memories.
16.0,What if our reflections in the mirror have secret lives when we're not looking?
19.0,"If I were a chef, I'd create a dish that combines all the best flavors in the world."
5.0,Playing superhero with a cape and mask. Saving the day!
72.0,Reflecting on the importance of maintaining health in the golden years. Any tips?
56.0,Planning a visit to a botanical garden. Nature walks are rejuvenating.
37.0,I'm planning a hiking trip. Do you enjoy spending time outdoors?
53.0,Thinking about taking up gardening. Any tips for a beginner?
31.0,Exploring a new fitness routine for overall well-being.
51.0,Reflecting on the importance of maintaining good health. Any health tips?
47.0,Attending a concert featuring favorite songs from the past.
47.0,I've been attending pottery classes. It's a therapeutic hobby.
3.0,I want to be a superhero with the power to make toys come to life!
58.0,Planning a milestone anniversary celebration with a loved one.
37.0,Volunteering for environmental conservation projects. Earth matters!
38.0,I've been binge-watching a TV series. Do you have any favorites?
65.0,Thinking about adopting a pet for companionship. Any advice for senior pet owners?
25.0,Starting a master's degree in a field of passion.
20.0,Can we have a day where everyone shares their favorite childhood stories?
15.0,Finished reading an amazing book. Can't wait to discuss it with friends!
25.0,Why isn't there a holiday for celebrating the joy of eating dessert for dinner?
29.0,Attending a music festival and enjoying diverse genres.
33.0,Started a fitness challenge for personal health goals.
79.0,Attending a music concert to enjoy timeless melodies.
46.0,Planning a visit to an art museum. Do you appreciate art?
8.0,Playing hide and seek with friends. I found the perfect hiding spot!
5.0,"If I had a rocket, I'd go to the moon and bring back moon cheese."
68.0,Exploring local art galleries. Any favorite artists or art styles?
2.0,"Today, I met a new friend at the playground. We played tag!"
27.0,Reflecting on personal values and aligning life choices accordingly.
12.0,Started a journal to document daily thoughts and experiences.
4.0,Going on a family picnic. Sandwiches and games in the park!
32.0,Started a family and enjoying the joys of parenthood.
19.0,Attending a university open house to explore academic programs.
55.0,Exploring different meditation techniques. Any recommendations?
18.0,Planning a volunteer trip abroad to make a positive impact.
3.0,"If clouds were pillows, the sky would be the comfiest place ever."
56.0,Considering joining a hiking group. Hiking is a great way to stay active.
8.0,I want to be a scientist and discover new colors that no one has seen!
8.0,"If I could talk to the moon, I'd ask if it's lonely up there."
10.0,"If I were a chef, I'd make a dessert called ""Super Chocolate Explosion."""
21.0,I wish I could delegate my responsibilities to my pet.
64.0,Just returned from a senior cruise. Cruises are a delightful experience.
84.0,Planning a scenic road trip with fellow seniors. Any routes you'd suggest?
15.0,I want a pet dragon. It would make getting to school way more exciting.
35.0,Reflecting on career achievements and setting new professional goals.
56.0,Attending a local wine tasting event. Do you enjoy trying new wines?
18.0,Planning a trip with friends for summer break. Excited for new adventures!
62.0,Started writing a book to share a lifetime of experiences.
28.0,Planning a solo travel adventure. Self-discovery awaits!
72.0,Reflecting on the importance of maintaining health in the golden years. Any
98.0,Attending a family reunion. Family gatherings are a heartwarming experience.
46.0,Volunteering for community projects to make a positive impact.
65.0,Considering a career transition in retirement. Any advice for seniors?
25.0,Working on a personal development plan. Continuous growth is the key.
27.0,What if our dreams are rehearsals for the random dance parties of adulthood?
76.0,Participating in community events to contribute to the well-being of others.
25.0,Preparing for a milestone birthday celebration. Cheers to another year!
11.0,I think plants have conversations when we're not around. Secret plant meetings!
52.0,Planning a visit to a botanical garden. Nature walks are rejuvenating.
53.0,I'm thinking of starting a blog about my life experiences. Any blogging tips?
38.0,I'm working on a home garden. It's a relaxing way to spend weekends.
25.0,Working on a creative writing project. Words flow like a river.
56.0,Reflecting on the importance of maintaining good health. Any health tips?
32.0,Reflecting on personal growth and setting goals for the future.
19.0,Attending a career fair to learn more about different professions.
12.0,I told my little cousin that the moon is made of cheese. Now they bring crackers every night.
9.0,I asked the rain if it could dance softly on my umbrella.
21.0,"If life had a rewind button, I'd probably overuse it and still not learn from my mistakes."
51.0,Exploring a new artistic hobby for creative expression.
5.0,Playing in the sandbox with buckets and shovels. Building sandcastles!
42.0,Participating in community gardening projects for a sense of purpose.
3.0,Can we have a holiday where everyone has a parade in their honor?
23.0,"If adulting were a game, I'd level up by successfully assembling IKEA furniture."
31.0,"I'm starting a new workout routine, and it's challenging but rewarding."
6.0,Planting flowers in the garden. Watering and watching them grow!
59.0,Planning a weekend getaway to relax and recharge.
29.0,"If I could talk to plants, I'd apologize for every potted friend I accidentally neglected."
40.0,Just started a new fitness program. Any workout routines you enjoy?
36.0,Joining a fitness challenge for community support and motivation.
50.0,Thinking of attending a writing workshop. Any writing tips?
27.0,Reflecting on financial goals and creating a budget plan.
32.0,I'm considering going back to school. Ever thought about furthering your education?
8.0,"Fairies must live in the garden, making flowers bloom at night, right?"
3.0,"I told my toy dinosaur a joke, but it didn't laugh. Dinosaurs are serious!"
8.0,"If I could talk to animals, I'd ask my cat what it dreams about."
5.0,Playing with my favorite toys today. They're so much fun!
5.0,Exploring the backyard and looking for bugs. Nature is fascinating!
40.0,Considering joining a dance class. Any dance styles you recommend?
15.0,Working on a school project with classmates. Teamwork makes the dream work!
5.0,Having a picnic with favorite snacks. Peanut butter and jelly sandwiches!
56.0,Thinking of organizing a family picnic. Any favorite picnic spots?
35.0,I'm planning a small get-together with friends. Do you have any favorite party games?
16.0,"If I could fly, I'd explore all the places I see in my dreams."
37.0,Volunteering at a local charity organization. Giving back to the community!
16.0,"I want to be a detective and solve mysteries, starting with the case of the vanishing snacks."
47.0,Planning a weekend getaway to the mountains. Any mountain retreats you recommend?
29.0,Attending workshops to enhance professional skills.
42.0,Attended a live theater performance. The magic of the stage!
19.0,What if our dreams were previews of the amazing things to come?
3.0,Visited the zoo and saw lions and elephants. Roar!
3.0,I asked the clouds if they could shape-shift into animals. They did!
17.0,I wish I could pause time during exciting moments to savor them a bit longer.
32.0,Started a blog to share experiences and insights with a wider audience.
12.0,Joining a coding bootcamp to enhance programming skills.
7.0,Participating in a school art show. My painting is on display!
61.0,Embracing a healthy lifestyle for physical and mental well-being.
45.0,Attending a cooking class next week. Excited to try new recipes!
10.0,"If I could talk to my cat, I'd ask if it dreams of chasing mice."
61.0,Exploring artistic endeavors to express creativity in later years.
33.0,Thinking of taking a weekend trip. Any recommendations for a good getaway spot?
17.0,"If I had a pet alien, we'd explore the universe together."
33.0,I'm considering going back to school. Ever thought about furthering your education?
24.0,Attended a technology expo. Embracing the future with innovation.
20.0,I want to build a treehouse big enough for all my friends to hang out.
59.0,Have you ever taken a cooking class? Considering trying new recipes.
6.0,What if clouds are fluffy pillows for giants in the sky?
75.0,Reflecting on the resilience and strength developed over the years.
48.0,Starting a blog to share travel experiences and tips.
5.0,"I told my teddy bear a secret, but it promised not to tell anyone."
78.0,Considering a visit to a senior art class. Any senior-friendly art activities you recommend?
51.0,Exploring new hobbies to keep the mind and body active.
29.0,Attending a career fair to explore diverse job opportunities.
26.0,I want a day where adulting involves solving riddles to unlock the weekend.
17.0,What if our dreams are just glimpses of parallel universes?
38.0,Planning a road trip with friends to explore different cities.
43.0,Embracing new technologies for personal and professional growth.
49.0,I've been practicing mindfulness meditation. It's great for stress relief.
10.0,I asked my plant if it wanted to go on vacation. It leaned towards the window. I think it's a yes.
46.0,Practicing mindfulness for work-life balance. Have you tried it?
3.0,Visited the library and picked out bedtime stories. Love storytime!
6.0,"I told my toy robot a joke. It beeped, so I think it laughed!"
57.0,Thinking about starting a blog. Any advice for beginner bloggers?
25.0,Can we have a day where responsibilities are replaced with spontaneous adventures?
78.0,Attending a photography class. Capturing memories is important to me.
47.0,Planning a hiking trip with friends. Nature and adventure await!
19.0,"If I could talk to trees, I'd ask them about the stories they've witnessed over the years."
37.0,Reflecting on financial goals and making smart investments.
79.0,Attending a concert featuring nostalgic tunes from the past.
50.0,Reflecting on the joy of grandparenting. Grandkids bring so much happiness.
35.0,Juggling work and parenting. The balancing act of life!
4.0,Learning to tie my shoes. Practicing loops and knots!
43.0,Planning a movie night with friends. Any favorite movie genres?
4.0,I think my shadow likes to play hide and seek with me.
4.0,Why do bees buzz? Maybe they're practicing for a concert.
70.0,Thinking of starting a senior book club. Any book genres popular among seniors?
23.0,Exploring DIY home décor projects. A touch of personal style!
26.0,Joining a community garden to grow fresh produce.
25.0,Why isn't there a holiday for celebrating the joy of discovering a new favorite book?
65.0,Enjoying the tranquility of retirement and engaging in lifelong interests.
19.0,I wish I could fast-forward to the weekend every day.
29.0,Attending a professional networking event. Building connections in the industry.
57.0,Attending a concert featuring favorite songs from the past.
24.0,"If I had a time machine, I'd go back and give my past self a playlist of future hit songs."
64.0,Attending a senior-friendly wine tasting event. Do you enjoy trying new wines?
27.0,What if the secret to happiness is hidden in the last slice of pizza?
14.0,"If I had a time-traveling watch, I'd visit historical events just to take selfies."
72.0,Started writing a memoir to share the wisdom gained over the years.
27.0,Reflecting on the importance of work-life balance.
23.0,"If adulting were a game show, I'd phone a friend for help with taxes."
58.0,Planning a visit to a historical site. Any historical places you recommend?
57.0,Thinking of organizing a neighborhood gathering. Any fun ideas?
19.0,Attending a music concert of my favorite band. The energy was incredible!
12.0,"Can we have a day where homework is illegal, just for once?"
3.0,Visited the beach and built sandcastles. Splashing in the waves was fun!
39.0,I've been reflecting on personal goals. How do you stay focused on your aspirations?
65.0,Delving into the art of storytelling through grandparenting tales.
55.0,Considering a career change. Any advice for transitioning careers?
6.0,Playing in the snow and building a snowman. Winter is so much fun!
74.0,Attended a seminar on lifelong learning and intellectual growth.
78.0,Planning a family reunion to celebrate generations of love.
39.0,Attending workshops to improve leadership and communication skills.
15.0,Reflecting on personal growth and setting goals for the future.
44.0,Volunteering at a local charity organization. Giving back to the community!
62.0,Thinking of organizing a senior-friendly picnic. Any favorite picnic spots?
62.0,Thinking of starting a blog about senior life. Any advice for senior bloggers?
26.0,Volunteering for environmental conservation efforts. Earth matters!
8.0,Started learning to ride a bike. It's a bit wobbly but getting there!
82.0,Thinking about starting a blog about the wisdom of old age. Any blogging tips?
3.0,Visited the farm and saw cows and chickens. They're so cute!
43.0,Planning a DIY home improvement project. Any suggestions?
13.0,Organizing a community clean-up event to promote environmental awareness.
29.0,"If I could fast-forward through adulting, I wonder what age I'd choose to stop at."
15.0,"Can we have a day where dessert comes before dinner? Dessert first, always!"
9.0,Can we have a day where every road is a slide instead of a walkway?
30.0,I'm considering taking up a new hobby. Any suggestions for something fun?
50.0,Planning a visit to a botanical garden. Nature walks are rejuvenating.
71.0,Embracing a positive mindset and finding joy in each day.
17.0,I wish I could pause time and take a long nap whenever I feel tired.
46.0,Attending a technology conference to stay updated on industry trends.
3.0,"Can we have a day where bedtime is in the morning, and breakfast is at night?"
82.0,Thinking about taking up gardening. Any gardening tips for seniors?
14.0,Attended a drama club performance. The actors were truly impressive!
32.0,I'm thinking of volunteering. Any causes or organizations you're passionate about?
60.0,Planning a visit to a botanical garden. Nature walks are rejuvenating for seniors.
78.0,Attending a senior-friendly photography class. Capturing memories is important at any age.
3.0,"If I had a pet cloud, it would sprinkle rainbows on sunny days."
90.0,Thinking of starting a fitness
14.0,Attended a school science fair. So many innovative projects on display!
27.0,What if the key to happiness is a well-stocked snack cupboard?
52.0,Planning a cross-country road trip. Any must-visit places?
46.0,Joining a travel club to explore new destinations.
14.0,Participating in a dance competition. Choreography and rhythm!
10.0,"I asked my pet rock if it enjoys being a rock. It didn't answer, but I think it's content."
77.0,Reflecting on a lifetime of friendships and shared laughter.
72.0,Started a blog to document the journey through the later stages of life.
48.0,Exploring different meditation techniques. Any recommendations?
43.0,Joining a fitness challenge for community support and motivation.
44.0,Considering a bike tour. Any scenic routes you've tried?
58.0,Attending a theater performance. Live performances have a unique charm.
56.0,Joining a senior sports club for camaraderie and fitness.
37.0,Reflecting on personal growth and embracing a healthy lifestyle.
26.0,Joining a book club to discuss literature with like-minded individuals.
20.0,Can we have a day where everyone shares their dreams and imaginations openly?
72.0,Spending quality time with grandchildren and creating lasting memories.
26.0,Joining a community sports league for fun and camaraderie.
27.0,What if our dreams are just the subconscious mind's way of trolling us?
59.0,Attending a classical art exhibition. Art appreciation at its finest!
57.0,Planning a hiking trip with friends. Nature and adventure await!
53.0,Attending a photography class. Capturing memories is important to me.
54.0,Attending a family reunion. Family time is always precious.
31.0,Attending a workshop on mindfulness and stress reduction.
8.0,Going on a family camping trip. Roasting marshmallows by the fire!
24.0,Attended a live theater performance. The magic of the stage!
3.0,Can we have a holiday where everyone wears pajamas to the grocery store?
78.0,Planning a weekend getaway to relax and unwind.
29.0,I want a day where adulting involves solving puzzles instead of paying bills.
13.0,"If I could talk to the ocean, I'd ask it about all the secrets hidden in its depths."
45.0,Have you considered volunteering? It's a rewarding experience.
17.0,Exploring photography as a hobby. Capturing moments in time is fascinating.
57.0,Reflecting on a successful career and mentoring younger professionals.
44.0,Thinking of adopting a minimalist lifestyle. Any advice?
9.0,Can we have a holiday where everyone wears pajamas and eats pancakes?
42.0,Considering a weekend retreat. Have you been on one before?
21.0,I wish I had a personal assistant who could remember where I left my keys.
25.0,Starting a master's degree program. Lifelong learning in progress!
79.0,Attending a technology workshop to stay updated on digital trends.
28.0,Planning a community cleanup event. Making the neighborhood shine!
44.0,I'm planning a visit to a science museum. Do you enjoy science exhibits?
75.0,"Reflecting on a lifetime of experiences, grateful for each moment."
75.0,Have you explored the world of technology for seniors? Any favorites?
22.0,I told my younger sibling that being an adult means having it all figured out. They laughed.
11.0,"If I could control time, I'd have extra hours for video games."
64.0,Thinking of organizing a neighborhood gathering for seniors. Any ideas?
47.0,Reflecting on financial accomplishments and planning for the future.
8.0,I want to be an explorer and discover a land made entirely of candy.
8.0,Building a fort with blankets and pillows. A cozy hideout!
36.0,I'm planning a small get-together with friends. Do you have any favorite party games?
57.0,Considering joining a dance class. Dancing is a joyful form of exercise.
41.0,Attending a language exchange program to learn a new language.
36.0,"The weather has been unpredictable lately, hasn't it?"
32.0,Started a side business alongside the main career.
24.0,Attended a professional development seminar. Networking and learning new skills.
25.0,Why don't we have a holiday for celebrating the joy of staying in bed all day?
8.0,Going on a nature hike with the family. Found colorful flowers!
10.0,"If I were a detective, I'd solve the mystery of disappearing socks."
36.0,Volunteering for community events to give back.
7.0,"If I had a time machine, I'd visit the future and see flying cars."
48.0,Planning a weekend getaway to relax and recharge.
51.0,Just returned from a cruise. Cruises are a relaxing way to travel.
38.0,Planning a home renovation project. Excited for a fresh look!
57.0,Reflecting on personal values and aligning life choices accordingly.
7.0,Got a new puppy. Training and playing with it every day!
3.0,Visited the petting zoo and fed animals. Fuzzy bunnies and soft lambs!
17.0,What if our reflections have a secret society and discuss our lives when we're away?
14.0,"If I had a time machine, I'd go back and tell my younger self to enjoy nap time."
16.0,Volunteering at a local charity organization. Giving back to the community!
16.0,I want to be a time traveler and witness the future inventions of the world.
40.0,I'm considering adopting a pet. Any advice for a first-time pet owner?
44.0,I'm considering taking up painting. Any tips for beginners?
51.0,Attending a photography class. Capturing memories is important to me.
55.0,Reflecting on the changes in technology over the years. It's fascinating.
33.0,I'm thinking of adopting a minimalist lifestyle. Have you tried decluttering?
6.0,I told my toy spaceship to take me to the moon. It hasn't worked yet.
14.0,Attended a cultural festival to experience diverse traditions.
40.0,Just joined a hiking club. It's a great way to stay active.
59.0,Thinking about adopting a pet. Any advice for a senior pet owner?
13.0,I told my little sister that clouds are made of cotton candy. She believed me.
4.0,"Do butterflies have bedtime too, or do they stay up all night?"
8.0,Joined a soccer team. Kicking the ball around is so exciting!
14.0,"If I had a time machine, I'd visit historical events and take epic selfies."
30.0,Can we have a day where 'adulting' is a word banished from the dictionary?
59.0,Reflecting on the joy of being a grandparent. Grandkids bring so much joy.
41.0,Planning a weekend road trip. Any scenic routes you'd recommend?
45.0,Thinking of starting a podcast. Any topics you find interesting?
70.0,Planning a leisurely retirement trip. Any travel recommendations?
50.0,Reflecting on the changes in technology over the years. It's fascinating.
15.0,Can we have a day where laughter is the only language spoken?
49.0,I've been practicing mindfulness in daily activities. It helps stay present.
17.0,Exploring a new fitness routine to stay active and healthy.
5.0,Helped mom bake cookies. The best part was licking the batter!
16.0,"I asked my phone for a joke. It replied, 'I'm sorry, I can't compute humor.'"
22.0,Launching a podcast to share stories and connect with a wider audience.
47.0,Planning a road trip with friends. Any interesting destinations you'd recommend?
28.0,Planning a weekend camping trip. Nature and relaxation beckon!
3.0,"Rainbows are just colorful bridges for unicorns, right?"
6.0,Started learning to swim. Splashing in the pool is so refreshing!
7.0,Why do stars twinkle? Are they winking at us from the sky?
1.0,"Learning to say ""please"" and ""thank you."" Manners are important!"
44.0,Attended a leadership seminar to enhance managerial skills.
52.0,Started writing a memoir to capture a lifetime of memories.
4.0,I think my toy robot comes alive at night and has dance parties.
31.0,I'm working on a DIY project. Ever tried making something from scratch?
6.0,I want to be a chef and make desserts that taste like rainbows.
53.0,Attending a theater performance. Live performances have a unique charm.
23.0,Exploring sustainable living practices for a greener lifestyle.
4.0,Going on a family road trip. Singing songs in the car!
42.0,I'm thinking of organizing a community event. Any ideas for a fun gathering?
45.0,Have you attended any interesting workshops lately? I'm thinking of joining
5.0,"When I'm older, I'll build a treehouse with a slide instead of stairs."
24.0,"If I had a teleportation device, I'd use it to attend random parties around the world."
78.0,Planning a cruise to explore different cultures and landscapes.
31.0,Exploring new hobbies to balance work and personal life.
39.0,Starting a podcast to share insights and experiences.
59.0,Attending a workshop on mindfulness and stress reduction.
9.0,"If I were a detective, I'd solve the mystery of the missing cookies."
30.0,"Can we have a day where technology takes a break, and we communicate through carrier pigeons?"
39.0,Do you have any tips for staying motivated at work? I've been feeling a bit sluggish.
20.0,I asked my mirror if I look wise. It didn't reply. Maybe mirrors don't know everything.
85.0,Reflecting on a long and fulfilling life. Time truly flies.
31.0,I started a new workout routine and it's challenging but rewarding.
75.0,Have you tried any virtual reality experiences for seniors? Any favorites?
11.0,"If homework were a sport, I'd be the champion procrastinator."
52.0,Exploring local farmer's markets. Fresh produce is essential for a healthy lifestyle.
30.0,Can we have a day where work attire includes pajamas and fuzzy slippers?
75.0,Reflecting on the significance of family traditions and rituals.
54.0,Planning a visit to an astronomy observatory. Space has always fascinated me.
23.0,Exploring new workout routines for a healthier lifestyle.
51.0,Considering learning a new language. It's a great mental exercise.
79.0,Attending a photography exhibition to appreciate visual storytelling.
55.0,Reflecting on a half-century of experiences and wisdom gained.
77.0,Engaging in daily walks for physical activity and fresh air.
53.0,Thinking of organizing a neighborhood gathering. Any fun ideas?
50.0,Participating in community gardening projects for a sense of purpose.
43.0,Reflecting on personal goals and achievements. How do you set and achieve your goals?
8.0,"If I could talk to my pet fish, I'd ask if it likes its fishbowl."
28.0,Planning a charity run to support a cause close to the heart.
16.0,Exploring career options and considering joining a career-focused club.
55.0,Planning a visit to a science museum. Science has always intrigued me.
58.0,Considering volunteering at a local charity. Any causes you're passionate about?
12.0,I told my friend that clouds are like floating islands. Now we imagine what's on them.
8.0,"Can we have a day where bedtime is at midnight, just once?"
88.0,Considering joining a seniors' social club. Staying connected is essential.
34.0,Exploring a new artistic hobby for creative expression.
53.0,Considering a weekend retreat. Have you been on one before?
53.0,Exploring local art galleries. Any favorite artists or art styles?
52.0,Planning a weekend camping trip. Camping is a great way to connect with nature.
10.0,What if our dreams are messages from our future selves giving us advice?
56.0,Attending a theater performance. Live performances have a unique charm.
42.0,Started a small business venture. Entrepreneurship at its best!
74.0,Attended a dance class to stay active and vibrant.
4.0,Going on a family road trip. Singing songs and playing games in the car!
6.0,What if toys have feelings? I always say goodnight to mine.
68.0,Planning a family gathering to celebrate the bonds of kinship.
41.0,Exploring a new artistic hobby for creative expression.
58.0,Planning a family reunion to bring generations together.
8.0,I wish I could talk to my plant and ask if it likes its pot.
52.0,Thinking about attending a writing workshop. Any writing tips?
60.0,Reflecting on the joys of being a grandparent. Grandkids bring immense joy.
75.0,Reflecting on the wisdom of age and sharing life lessons with younger generations.
57.0,Planning a visit to a science museum. Science has always intrigued me.
65.0,Planning a road trip to revisit places from the past. Any nostalgic destinations?
10.0,I want to build a time machine and visit the age of dinosaurs.
31.0,I'm starting a new workout routine and it's challenging but rewarding.
33.0,I'm in the market for a new car. Any recommendations or advice?
5.0,Can we have a day where laughter is the only language we speak?
18.0,Planning for college applications and exploring potential majors.
50.0,Attending workshops on personal finance and investment strategies.
22.0,I told my friend that coffee is a magical elixir for productivity. They agreed.
7.0,"Can we have a day where bedtime is just a myth, and we stay up all night?"
32.0,I've been trying to cut down on screen time. It's challenging but worth it.
35.0,I just finished reading a great book. Have you read anything interesting lately?
7.0,Got a gold star in school for excellent behavior. Feeling proud!
22.0,Exploring new workout classes for fitness variety.
4.0,I want to be an astronaut and explore space with my teddy bear.
0.0,Dialogue
24.0,"If I had a time machine, I'd go back and appreciate all those afternoon naps."
27.0,What if our dreams are glimpses of parallel universes where we made different choices?
64.0,Planning a visit to a senior-friendly beach destination. Any recommendations?
27.0,What if our dreams at this age are just wishful thinking with a hint of reality?
44.0,Considering taking up a new hobby. Any suggestions?
8.0,Going on a nature hike with the family. Discovering insects and flowers!
65.0,Considering a weekend retreat for relaxation. Any recommendations?
20.0,"Can we have a day where technology takes a break, and we enjoy the simple things?"
26.0,I want to be a professional napper. Where do I sign up for that job?
75.0,Have you tried any new recipes for seniors? Any delicious and easy options?
7.0,Watching my favorite cartoon and laughing a lot!
7.0,"If I had a pet elephant, I'd teach it to do cartwheels."
65.0,Reflecting on a lifetime of accomplishments and embracing the golden years.
63.0,Embarking on a new educational pursuit for continued personal growth.
6.0,I made up a song about spaghetti. Want to hear it? It's very saucy!
2.0,Played dress-up with costumes. Pretended to be a pirate!
40.0,Attending workshops on personal finance and investment strategies.
71.0,Embracing the warmth of community and fostering strong connections.
36.0,Joining a local book club for intellectual stimulation.
1.0,"Learning to walk is tough, but I managed a few steps today!"
25.0,Why isn't there a holiday for celebrating the triumph of finding matching socks?
9.0,I wish I had a magic wand to make broccoli taste like chocolate.
45.0,Just returned from a weekend getaway. It was so refreshing!
53.0,Exploring new artistic mediums for creative expression.
8.0,"If I were a pirate, my treasure chest would be filled with chocolate coins."
46.0,Planning a visit to an astronomy observatory. Do you find space fascinating?
19.0,Attending workshops to develop leadership and communication skills.
11.0,I wish I had a robot that could do my chores while I enjoy more playtime.
54.0,Attending a photography class. Capturing memories is important to me.
10.0,"Can we have a day where bedtime is optional, and everyone stays up late?"
3.0,Visited the zoo and saw elephants and giraffes. They're so tall!
33.0,I've been experimenting with new recipes. Last night's dinner was a hit!
4.0,I asked the sun if it could play hide and seek. It's still hiding.
24.0,"If I had a teleportation device, rush hour traffic would be a thing of the past."
4.0,Going to the dentist for the first time. Got a shiny sticker afterward!
17.0,Why isn't there a day where we celebrate breakfast for dinner? Pancakes all night!
40.0,Planning a hiking trip with friends. Nature and adventure await!
2.0,Just learned to say my ABCs. Singing them all day long!
4.0,I told my stuffed animals about my day. They're excellent listeners.
1.0,Trying different fruits for the first time. Grapes are my favorite!
28.0,Planning a weekend escape to recharge and unwind.
7.0,Started a collection of colorful rocks. Each one is unique!
37.0,The weather has been unpredictable lately
4.0,Attending a birthday party with balloons and cake. Yum!
77.0,Connecting with old friends through social media to reminisce.
17.0,What if we could trade places with our pets for a day? I wonder how it feels.
52.0,Just started a fitness program for seniors. Staying active is crucial.
44.0,Considering taking up photography. Any recommendations for a beginner?
11.0,"If I could talk to animals, I'd ask my dog what it thinks of humans."
6.0,"I told my shadow to follow me to the park, and it did!"
13.0,"Why do adults say, 'Enjoy your childhood'? Is it going somewhere?"
12.0,Joining a book club to discuss literature with fellow book enthusiasts.
32.0,I can't believe how fast this year is going by. Time really does fly.
39.0,Exploring a new hobby - painting. Creative expression on canvas!
55.0,Attended a live theater performance. The magic of the stage!
7.0,I asked my reflection in the mirror if it knows any good jokes.
52.0,Considering volunteering at a local charity. Any causes you're passionate about?
67.0,Reflecting on a fulfilling career and offering mentorship to others.
15.0,Why isn't there a day where we celebrate the joy of discovering new things?
8.0,"I think the moon is a giant cookie, and stars are chocolate chips."
2.0,Just had my first dentist appointment. No cavities!
51.0,Attending a language exchange program to learn a new language.
9.0,Reading bedtime stories with a flashlight under the blanket.
55.0,Exploring local art galleries. Any favorite artists or art styles?
22.0,I told my younger sibling that being an adult means having it all figured out. They sighed.
48.0,Exploring different cuisines. Do you have a favorite type of food?
9.0,Attended my first dance recital. Twirling and spinning on stage!
25.0,Can we have a day where the biggest decision is choosing between Netflix or video games?
3.0,Visited the botanical garden and smelled all the flowers. So fragrant!
13.0,"If I had a pet alien, we'd have intergalactic adventures and explore the cosmos."
55.0,Exploring the world of grandparenting with joy and enthusiasm.
5.0,"If I had a pet elephant, we'd have a parade every day."
40.0,Embracing new technologies for personal and professional growth.
20.0,"I asked the stars to grant a wish. They twinkled, so I think it worked."
13.0,Organizing a charity run to raise funds for a cause I believe in.
22.0,Started learning a new language. ¡Hola! Bonjour! Hello!
42.0,I'm planning a family reunion. Do you enjoy family gatherings?
72.0,Thinking about adopting a pet for company in the senior years. Any considerations for senior pet owners?
72.0,Sharing favorite recipes with family and friends.
76.0,Participating in community choir performances for a love of music.
95.0,Have you discovered any new activities for seniors recently? Any recommendations?
41.0,I'm thinking of starting a blog. Any tips for a beginner blogger?
24.0,Attended a TEDx talk for inspiration and new perspectives.
4.0,What if trees could talk? I bet they would have great stories.
1.0,Trying different fruits for the first time. Apples are crunchy and sweet!
21.0,I wish I could understand taxes as well as I understand the plot twists in my favorite TV shows.
12.0,I told my sibling that bedtime is a magical portal to dreamland. Now they can't wait for it.
52.0,Working on a creative writing project. Words flow like a river.
22.0,Started a side hustle. Turning passion into a small business venture.
6.0,"Started piano lessons today. It's challenging, but I love the sound!"
32.0,I'm in the market for a new car. Any recommendations or advice?
7.0,"I told my teddy bear a story, and now it knows all my secrets."
65.0,Reflecting on a lifetime of memories. Time truly flies.
41.0,Planning a visit to a botanical garden. Do you enjoy nature walks?
24.0,"If I had a time machine, I'd revisit the era of mixtapes and rollerblades."
14.0,"If I had a magic pen, I'd draw a door to my favorite fictional world."
57.0,Have you ever tried painting? Thinking of exploring my artistic side.
39.0,Attending a concert featuring favorite songs from the past.
57.0,Attending a photography class. Capturing memories is important to me.
46.0,Attending a live concert this weekend. Do you enjoy live music?
36.0,Reflecting on the importance of work-life balance.
44.0,Attended a gourmet cooking class. Culinary creativity in the kitchen!
62.0,Thinking of joining a senior hiking group. Hiking is a great way to stay fit.
73.0,Engaging in daily mindfulness practices for inner peace.
10.0,Can we have a holiday where the floor is made of trampolines?
5.0,Creating a masterpiece with finger paints. Colors everywhere!
39.0,Reflecting on personal growth and setting goals for the future.
79.0,Attending art classes to express creativity in various forms.
23.0,"I wish adulting came with cheat codes. Unlimited energy, please!"
26.0,Attending a fitness retreat for physical and mental well-being.
70.0,Thinking about starting a fitness program for seniors. Staying active is crucial.
53.0,Reflecting on the joy of being a grandparent. Grandkids bring so much joy.
75.0,Delving into the art of storytelling through grandparenting tales.
6.0,"I asked my shadow to race, but it always knows which way I'm going."
76.0,Volunteering at a local animal shelter to support furry friends.
47.0,Reflecting on personal values and aligning life choices accordingly.
7.0,I found a treasure map in the backyard. Let's go on an adventure!
16.0,I asked my plant if it likes its pot. It leaned towards the sunlight. I think it's happy.
6.0,What if the moon is made of cheese? Can we have a taste test?
55.0,Attending a technology conference to stay updated on industry trends.
25.0,Reflecting on the challenges and victories of the past year. Growth is constant!
70.0,Thinking about joining a seniors' dance class. Dancing is great for health.
23.0,I wish I could set my work emails to 'auto-reply: on vacation in my dreams.'
16.0,"I want to be a detective and solve mysteries, starting with the case of the missing socks."
1.0,Celebrated my first Halloween with a cute costume!
8.0,"If I were a cat, I'd take naps all day and chase my tail."
51.0,Considering volunteering at a local charity. Any causes you're passionate about?
6.0,Having a tea party with stuffed animals. They're the best guests!
10.0,"If I were a scientist, I'd invent a robot that does homework for everyone."
6.0,Attended my first school play. Dressed up in a costume!
1.0,Learning to clap my hands. It's so much fun!
5.0,I think the moon follows me because it likes my bedtime stories.
19.0,"If I could trade places with a movie character, I'd choose someone in a fantasy world."
12.0,I told my little brother that books are magic portals. Now he loves reading!
41.0,Have you tried the new cafe in town? The coffee is amazing!
23.0,Investing time in mindfulness and meditation practices.
78.0,Planning a family picnic to enjoy the simple pleasures of life.
64.0,Planning a road trip with fellow seniors. Any scenic routes you'd suggest?
6.0,What if the sun is a giant flashlight that someone turns off at night?
53.0,Joining a fitness challenge for community support and motivation.
5.0,I asked my reflection in the mirror if it has a secret twin. It didn't answer.
5.0,Can we have a day where bedtime stories are told by talking animals?
19.0,I want a day where all decisions are made by rock-paper-scissors. Fair and fun!
9.0,I wish I could ride a rainbow to school every morning.
17.0,I want to be an architect and build houses with secret passages and slides.
68.0,Considering joining a senior citizens' club. Socializing is essential.
17.0,I asked my cat if it has a secret life. It gave me a mysterious look.
33.0,Exploring a new cuisine and trying out international recipes.
68.0,Exploring local cultural events for seniors. Any senior-friendly festivals you recommend?
74.0,Attended a local theater performance to appreciate the arts.
55.0,Considering going back to school for a new skill. Ever thought about it?
75.0,Have you explored senior-friendly technology gadgets? Any favorites?
79.0,Attending a live performance of a favorite classical ensemble.
45.0,Planning a weekend getaway to relax and recharge.
3.0,Visited the science center and played with interactive exhibits.
58.0,Thinking about adopting a pet. Any advice for a senior pet owner?
52.0,Thinking of organizing a family picnic. Any favorite picnic spots?
53.0,Thinking about adopting a pet. Any advice for a senior pet owner?
9.0,I wish I could talk to my plants and ask if they like their pots.
70.0,Thinking of starting a blog about senior travel. Any advice for senior bloggers?
60.0,Reflecting on the changes in technology over the years. Any favorite technological advancements?
8.0,Building a fort with blankets and pillows. It's my secret hideout!
46.0,Have you ever tried mindfulness meditation? It's been beneficial for me.
7.0,"Can we have a holiday where every meal is dessert, even breakfast?"
31.0,I'm taking up painting. Any tips for a beginner artist?
5.0,"If I had a time machine, I'd go back to yesterday to have more fun."
77.0,Reflecting on a fulfilling career and offering mentorship to others.
27.0,What if the secret to success is hidden in the bottom of a coffee cup?
56.0,Thinking about starting a blog. Any advice for beginner bloggers?
26.0,I want to be a professional sleeper. My dream job literally!
5.0,Why do birds sing? Maybe they're having a karaoke party in the trees.
10.0,Can we have a day where the floor is made of trampolines?
37.0,I'm considering a career change. Have you ever switched career paths?
77.0,Sharing life anecdotes and experiences with friends and family.
9.0,I made a new dance called the spaghetti wiggle. Want to see it?
78.0,Thinking about starting a podcast for seniors. Any interesting podcast topics?
8.0,Joined a soccer team. Kicking the ball and scoring goals!
56.0,Thinking about starting a podcast. Any interesting podcast recommendations?
72.0,Considering lifelong learning opportunities for seniors. Any favorite subjects to study?
14.0,"If I could talk to my future self, I'd ask about the coolest invention they made."
51.0,Embracing a healthy lifestyle for vitality and longevity.
39.0,I'm working on a home garden. It's a relaxing way to spend weekends.
56.0,Volunteering for environmental conservation projects. Earth matters!
20.0,"I asked my mirror if I look sophisticated. It laughed. Mirrors have a sense of humor, too."
7.0,Playing hide and seek with friends. Finding the best hiding spots!
7.0,"Can we have a day where socks and shoes are banned, and we go barefoot?"
7.0,I told my little brother that clouds are made of whipped cream. He believed me.
10.0,"If I could fly, I'd visit all the places in my bedtime stories."
13.0,"If I were a superhero, my superpower would be the ability to speak every language."
52.0,Planning a beach vacation. Any beach destinations you enjoy?
8.0,I want to be a pirate and search for buried treasure in the backyard.
10.0,"If I had a talking backpack, it would give the best advice for school."
52.0,Thinking of starting a book club for seniors. Any book recommendations?
6.0,"I want to be a pirate when I grow up, sailing on chocolate seas!"
67.0,Reflecting on the richness of friendships and shared memories.
51.0,Attending a theater performance. Live performances have a unique charm.
11.0,Getting into coding and programming. Creating my first software project!
40.0,Exploring local art exhibitions. Do you have a favorite artist?
26.0,Volunteering for a youth mentorship program. Guiding the next generation!
9.0,I wish I could talk to my backpack and tell it about my day.
11.0,I wish I could turn homework into a video game. Level up for every correct answer!
26.0,Participating in a local art exhibition. Express
78.0,Planning a nostalgic journey to revisit places from the past.
50.0,Exploring local art galleries. Any favorite artists or art styles?
10.0,"If I were a wizard, my first spell would be making vegetables taste like candy."
74.0,Attended a gourmet cooking class. Culinary mastery in retirement!
43.0,Joining a sports league for fun and fitness.
77.0,Connecting with nature through gardening and outdoor activities.
21.0,"I wish I could schedule naps like I schedule meetings. 'Nap from 2 to 3 PM, please.'"
49.0,I've been learning a new language. It's a great mental exercise.
12.0,I told my friend that bedtime is just a conspiracy to get us to sleep. They agreed.
71.0,Embracing the joy of reading and exploring new literary works.
26.0,I want to be a professional daydreamer. Is there a diploma for that?
36.0,Joining a sports league for fun and fitness.
8.0,"If I could talk to the moon, I'd ask it to tell me a bedtime story."
16.0,Volunteering at a local animal shelter. Helping furry friends find homes!
42.0,Working on a creative writing project. Words flow like a river.
54.0,Thinking of organizing a family picnic. Any favorite picnic spots?
48.0,Considering a career change. Have you made any significant career shifts?
64.0,Attended a gourmet cooking class. Culinary mastery in retirement!
75.0,Enjoying the tranquility of retirement and engaging in lifelong interests.
48.0,Exploring hiking trails. Do you enjoy hiking?
4.0,"Birds must be really good at hide and seek in the sky, don't you think?"
44.0,Considering going back to school for further education. Ever thought about it?
6.0,I found a caterpillar. Do you think it will turn into a butterfly or a wizard?
2.0,Got a new teddy bear as a gift. Cuddling with it every night!
59.0,Have you tried any new technology gadgets recently? Any favorites?
46.0,Have you tried any outdoor adventure activities? Any favorites?
27.0,Reflecting on personal achievements and setting new goals.
5.0,Playing superhero with a homemade cape. Saving the day!
13.0,Getting involved in school clubs to meet new friends and share interests.
2.0,Got a new coloring book. Excited to fill it with bright colors!
58.0,Exploring a new hobby - painting. Creative expression on canvas!
4.0,Exploring the backyard and finding hidden treasures!
20.0,I wish I had a personal chef who magically makes healthy food taste like pizza.
50.0,Reflecting on the importance of maintaining good health. Any health tips?
4.0,I think clouds are made of marshmallows. Can we have a taste test?
9.0,"If I had a robot friend, we'd build a candy castle together."
5.0,Playing with building blocks. Building a tower taller than me!
9.0,I wish I had a secret passage in my room that leads to a candy land.
7.0,Started swimming lessons. Learning to float and paddle!
25.0,Preparing for a career change and further education.
40.0,Reflecting on personal values and aligning life choices accordingly.
49.0,Have you ever tried your hand at gardening? Any tips?
23.0,Exploring new recipes and cooking techniques. Culinary adventures at home!
9.0,Can we have a holiday where we eat ice cream for every meal?
25.0,Working on a home improvement project. DIY skills in action!
72.0,Starting a journal to document daily thoughts and reflections.
16.0,I asked my mirror if it could show the future. It just reflected my confused face.
58.0,Thinking about attending
10.0,I want to build a robot that can do my chores. Can we start now?
8.0,I want to be a storyteller and tell tales to the stars every night.
62.0,Started a blog to document the journey through the later stages of life.
57.0,Attending a local wine tasting event. Do you enjoy trying new wines?
45.0,Just finished a great book. Any book recommendations for me?
8.0,Playing tag with friends in the park. Running and giggling!
4.0,I think my toy car has a secret life when I'm not around.
59.0,Considering joining a dance class. Dancing is a joyful form of exercise.
14.0,"I wish I could teleport, so I wouldn't be late for school every day."
68.0,Planning a leisurely retirement trip to explore new horizons.
72.0,Treasuring the connections with great-grandchildren and family legacy.
34.0,Attending a language exchange program to learn a new language.
6.0,I want to be a magician and turn vegetables into ice cream.
1.0,Celebrated my first birthday with a cute animal-themed party!
7.0,Started learning to ride a skateboard. It's so cool!
22.0,I told my friend that adulthood is just a prolonged coffee break punctuated by meetings.
64.0,Attended a seminar on financial legacy and estate planning.
20.0,I want to invent a device that translates baby talk. Babies have deep thoughts!
3.0,I asked the sun why it's so bright. Maybe it needs sunglasses too?
13.0,Getting involved in community service projects. It feels great to give back!
40.0,Just started a new fitness routine. It's challenging but rewarding.
15.0,What if we had a holiday where gravity takes a break? Everything floats for a day!
55.0,Planning a road trip with friends to explore different cities.
56.0,Exploring local cultural events. Any upcoming festivals you recommend?
5.0,I told my toy fish to swim in the air. It tried but couldn't.
15.0,"If I were an artist, I'd paint a mural of dreams on the walls of every city."
10.0,What if our dreams are alternate reality versions of ourselves living different lives?
47.0,Planning a beach vacation. Any beach destinations you recommend?
21.0,"If adulting came with a manual, I'd probably misplace it."
5.0,Having a puppet show with handmade sock puppets. Lots of laughter!
3.0,Visited the fire station and sat in a real fire truck. Exciting!
2.0,Got a new teddy bear as a gift. Named it Fluffy!
60.0,Reflecting on a lifetime of experiences and achievements. Any wisdom to share?
44.0,Reflecting on the importance of work-life balance.
